人盘八门,地盘八门,信息象意
开,开,"开加开：双重开创，全面吉祥
传统内涵：“主贵人、宝物、财喜、官运、事业皆吉。” 开门与开门的重叠，极大地强化了开创、开放、顺利的吉利属性，预示着事事顺遂，多方面取得成功。

现代语境拓展：

事业发展：预示着事业全面开花，新的合作机会、项目进展顺利，高层认可度高。适合启动新业务、拓展市场、寻求晋升。

财富机遇：财运亨通，投资顺利，有意外之财入账或长期项目带来稳定收益。适合进行大额投资、签署重要财务合同。

人际关系：贵人多助，人脉资源丰富，社交活跃，有助于拓展事业和生活圈。

其他：求职顺利、考试高分、声誉鹊起等，凡是涉及开始、拓展之事，皆大吉。

LLM训练要点：识别“全面顺利”、“大吉”、“多重成功”、“贵人显赫”、“事业高峰”、“财富增长”等积极象意。"
开,休,"开加休：见贵人，财喜大利
传统内涵：“主见贵人、财喜、开张店铺、贸易大利。” 开门为事业、休门为休闲、休养生息、吉利。此组合预示着在轻松愉快中获得贵人帮助，并带来财富和开创新的商机。

现代语境拓展：

商业活动：适合开店、启动新贸易、签订商业合同，业务发展顺利，利润丰厚。

贵人相助：在休闲场合或不经意间遇到重要人物，得到其提携或帮助。

财富获取：通过轻松的方式或顺其自然的机会获得财富，如兼职、代理、偶然的投资收益。

人际关系：人脉广泛，社交轻松愉快，能结交有助益的朋友。

LLM训练要点：识别“轻松得利”、“贵人助力”、“商业开张”、“贸易顺利”、“休闲中收获”等象意。"
开,生,"开加生：谋望所求遂意
传统内涵：“见贵人，谋望所求遂意。” 开门为开创，生门为生发、生长、生机、利润。此组合强调在贵人帮助下，所谋求的事情都能如愿以偿，且有持续发展的潜力。

现代语境拓展：

项目启动：新项目启动后能快速看到进展和盈利，符合预期。

愿望实现：个人愿望、目标得以实现，学业、职业、生活各方面都有新的生机。

投资回报：投资能获得良好回报，资产稳步增长。

职业发展：得到晋升机会，或者在现有岗位上获得实质性提升。

LLM训练要点：识别“心想事成”、“如愿以偿”、“有贵人扶持”、“生机勃勃”、“谋事得利”等象意。"
开,伤,"开加伤：变动不吉，宜慎行
传统内涵：“主变动、更改、移徙等事，皆不吉。” 开门为开创，伤门为伤心、伤害、变动、损失。此组合预示着任何变动、改革、搬迁等事，都可能带来负面结果。

现代语境拓展：

职业变动：不适合跳槽、岗位调整，否则可能遇到不顺心的工作、人际关系差或收入下降。

搬迁移徙：不宜搬家、迁居、更换办公地点，可能带来麻烦、损失或不适应。

改革创新：不适合进行大规模的组织架构调整、产品线改革，可能导致混乱、损失或团队士气受挫。

其他：任何试图改变现状的举动都应谨慎，否则容易造成伤害或损失。

LLM训练要点：识别“变动不利”、“更改不吉”、“移徙受损”、“改革失败”、“避免行动”、“损失风险”等象意。"
开,杜,"开加杜：文印失脱，小凶
传统内涵：“主失脱文印、书契等，小凶。” 开门为开创，杜门为堵塞、隐藏、技术。此组合预示着在文书、合同、印章等重要文件方面容易出现疏漏或遗失，导致小麻烦。

现代语境拓展：

合同签署：签署合同时需格外谨慎，防止条款遗漏、陷阱，或文件丢失。

信息管理：重要文件、数据容易遗失、泄露或被篡改，导致法律或经济上的小损失。

知识产权：技术、专利、版权等容易被侵犯或出现漏洞。

沟通障碍：信息传递不畅，容易造成误解或延误。

LLM训练要点：识别“文件遗失”、“文书疏漏”、“合同隐患”、“信息泄露”、“小损失”、“技术问题”等象意。"
开,景,"开加景：文书不利，见贵人
传统内涵：“见贵人，因文书事不利。” 开门为开创，景门为景色、文书、口舌、争斗。此组合预示虽然有贵人出现，但因文书、合同、宣传等事宜可能引发口舌纠纷或不利局面。

现代语境拓展：

合同谈判：与贵人合作或签署重要合同时，可能因条款细节、文字表述等问题产生争议。

宣传推广：发布宣传材料、公告时，可能因措辞不当或信息偏差引发负面舆论或投诉。

法律文件：处理法律文书或诉讼材料时，可能因证据不足、表达不清而处于劣势。

公关危机：虽然有大人物出面，但因文件或言论不慎，可能反而加剧危机。

LLM训练要点：识别“贵人出现但有文书问题”、“口舌纠纷”、“宣传不利”、“合同争议”、“言语不当”、“引发争议”等象意。

"
开,死,"开加死：先忧后喜，官司惊忧
传统内涵：“官司、惊忧、恶事，先忧后喜。” 开门为开创，死门为死亡、停止、地盘、牢狱、不吉。此组合预示初期会面临官司、惊吓、坏事等困境，但最终能够化解，转危为安。

现代语境拓展：

法律诉讼：初期可能面临官司、纠纷、调查，压力巨大，但最终能获得胜诉或达成有利和解。

事业危机：事业或项目初期遭遇重大挫折、停滞甚至面临破产风险，但经过努力和坚持，最终能扭转局面，迎来转机。

健康问题：身体出现严重疾病或意外，让人担忧，但能及时得到救治或痊愈。

人际冲突：与人发生激烈冲突或误解，导致关系紧张，但最终能和解，甚至关系更进一步。

LLM训练要点：识别“先苦后甜”、“柳暗花明”、“初期困境”、“最终解决”、“官司纠纷后有好转”、“化险为夷”等象意。"
开,惊,"开加惊：词讼惊疑，需警惕
传统内涵：“词讼、惊疑之事。” 开门为开创，惊门为惊恐、口舌、官司、是非。此组合直接指向与诉讼、口舌是非相关的惊扰之事。

现代语境拓展：

法律纠纷：可能面临诉讼、仲裁或调解，期间充满不确定性和惊吓。

商业谈判：在商业谈判或合作中，可能因言语不慎、信息不对称而引发争议或误解，导致不信任。

人际冲突：容易卷入口舌是非、谣言中伤，导致名誉受损或精神困扰。

信息恐慌：接收到惊人的消息或流言，引起内心不安或恐慌。

LLM训练要点：识别“官司风险”、“口舌是非”、“惊吓事件”、“争议不断”、“谣言缠身”、“不安感”等象意。"
休,休,"休加休：求财进人口，谒贵吉，修造大利
传统内涵：“求才进人口，谒贵吉，朝见上官，修造大利。” 休门与休门的重叠，极大地强化了休闲、吉利、安逸的属性，预示着在求财、人际交往、家庭和修造方面都将获得顺利和收益。

现代语境拓展：

财富与人口：预示着财源广进，家庭兴旺，可能有人口增加（如结婚、生子）。适合投资、理财、购置房产。

人际关系：拜访重要人物、上级领导将非常顺利，容易得到贵人提携和帮助。

居家与修造：适合装修、搬家、购置新居，有利于家庭和谐与财运。

事业：在轻松愉快的氛围中，事业稳步发展，团队凝聚力强。

LLM训练要点：识别“财源广进”、“人口兴旺”、“贵人相助”、“修造顺利”、“家庭和睦”、“事业稳健”等积极象意。"
休,生,"休加生：得阴人财物，谋望虽迟应吉
传统内涵：“得阴人财物；于贵谋望，虽迟应吉。” 休门为吉利、生门为生发、生长、利润。此组合预示通过女性（阴人）或隐秘渠道获得财物，向贵人求助或谋划的事情虽然进展缓慢，但最终能成功。

现代语境拓展：

财富获取：可能通过女性长辈、合作伙伴（女性）、或一些不为人知的渠道获得资金或资源。

贵人相助：向有权势的人寻求帮助，虽然需要耐心等待，但最终会得到支持。

项目进展：项目启动后进展可能较慢，但只要坚持，最终会看到成果和收益。

情感关系：与女性相关的感情或合作，初期可能不温不火，但长期发展看好。

LLM训练要点：识别“女性助力”、“隐秘财源”、“进展缓慢但成功”、“耐心等待”、“最终得利”等象意。"
休,伤,"休加伤：喜庆与损失并存，变动不吉
传统内涵：“上官主喜庆；求财则不易得；其它分产、变动等事亦不吉。” 休门为吉利，伤门为伤心、伤害、变动、损失。此组合预示在某些方面有喜庆之事（如升职），但在求财和变动方面则不顺利，甚至有损失。

现代语境拓展：

事业与财富：可能获得职位晋升或荣誉（上官主喜庆），但收入增长不明显或求财困难。

财产分割：不适合进行财产分割、股权分配等事宜，容易引发纠纷或导致损失。

变动移徙：不宜搬家、跳槽、更换合作方，否则可能带来麻烦或损失。

人际关系：可能与某些人关系破裂，或在合作中出现矛盾。

LLM训练要点：识别“喜忧参半”、“升职不加薪”、“求财困难”、“财产纠纷”、“变动不利”、“人际破裂”等象意。"
休,杜,"休加杜：破财失物，难寻
传统内涵：“主破财、失物难寻。” 休门为吉利，杜门为堵塞、隐藏、技术。此组合预示着财物损失，且难以找回。

现代语境拓展：

财务损失：可能遭遇小偷、诈骗，或因疏忽导致财物丢失，且找回的可能性很小。

投资失利：投资项目可能被套牢，资金难以收回。

信息泄露：重要文件、数据丢失或被盗，可能造成经济损失或隐私泄露。

其他：任何涉及到寻找失物或追回损失的行动都将非常困难。

LLM训练要点：识别“破财风险”、“失物难寻”、“投资被套”、“信息安全隐患”、“难以追回”等象意。"
休,景,"休加景：文书口舌，谋望不成
传统内涵：“主谋望文书印信等事不成，反招口舌。” 休门为吉利，景门为景色、文书、口舌、争斗。此组合预示着在处理文书、合同、宣传等事宜时，不仅难以成功，反而容易引发口舌是非和争议。

现代语境拓展：

合同谈判：在签署合同、协议时，可能因条款理解、文字表述等问题产生争议，难以达成一致。

宣传推广：发布广告、宣传文案时，可能因内容不当或信息偏差引发负面评论或投诉。

法律事务：处理法律文件或诉讼材料时，可能因证据不足、表达不清而处于劣势，甚至引发额外纠纷。

公关危机：试图通过书面声明或媒体沟通解决问题，但可能适得其反，导致舆论发酵。

LLM训练要点：识别“文书不利”、“口舌是非”、“谈判受阻”、“宣传负面”、“争议不断”、“难以达成一致”等象意。"
休,死,"休加死：文印官事不吉，远行病凶
传统内涵：“主文印官事不吉，远行，僧道事不吉，占病凶。” 休门为吉利，死门为死亡、停止、地盘、牢狱、不吉。此组合预示在文书、法律、远行方面不顺利，且疾病凶险。

现代语境拓展：

法律诉讼：涉及文书、合同的官司诉讼将非常不利，可能败诉或面临严重后果。

远行与出行：不适合远行、出差或旅行，容易遇到麻烦、意外或疾病。

健康状况：测病则预示病情凶险，难以治愈，甚至有生命危险。

职业选择：不适合从事与宗教、玄学、丧葬等相关的职业。

LLM训练要点：识别“官司不利”、“远行凶险”、“疾病严重”、“生命危险”、“文书纠纷”、“避免出行”等象意。"
休,惊,"休加惊：损财招非，疾病惊恐
传统内涵：“主损财、招非并疾病惊恐事。” 休门为吉利，惊门为惊恐、口舌、官司、是非。此组合预示着财物损失，同时会引发口舌是非、疾病和惊吓。

现代语境拓展：

财务风险：可能因意外事件、诈骗或投资失误导致财产损失。

人际冲突：容易卷入口舌是非、谣言中伤，导致精神困扰和人际关系紧张。

健康状况：可能突发疾病，或因惊吓导致身体不适。

安全隐患：生活或工作中可能遇到突发事件，造成惊恐和不安。

LLM训练要点：识别“财物损失”、“口舌是非”、“疾病突发”、“惊吓事件”、“安全隐患”、“精神不安”等象意。"
休,开,"休加开：开张店铺，求财大吉
传统内涵：“主开张店铺及见贵，求财等事大吉。” 休门为吉利，开门为开创、开放、事业。此组合是休门与开门的最佳组合之一，预示着在开创事业、求财和人际交往方面都将获得巨大成功。

现代语境拓展：

商业开创：非常适合开店、创业、拓展新业务，能够迅速盈利，生意兴隆。

财富机遇：财运亨通，求财顺利，投资回报丰厚。

贵人相助：容易遇到重要人物，得到其大力支持和帮助，推动事业发展。

人际关系：社交活跃，人脉广阔，能结交有助益的朋友和合作伙伴。

LLM训练要点：识别“事业大吉”、“财运亨通”、“开创顺利”、“贵人显赫”、“商业成功”、“利润丰厚”等积极象意。"
生,生,"本研究旨在深入探讨奇门遁甲中**“生门”与其他八门组合的象意内涵，并以此为基础，构建一套针对大型语言模型（LLM）的专业训练语料。生门作为“三吉门”之一，本身带有生发、生长、生机、利润、求财的积极属性。然而，当其与其他八门（生、伤、杜、景、死、惊、开、休）组合时，其吉凶和具体指向会发生显著变化。本研究将系统梳理这些组合的吉凶特性，从求财、远行、人际、健康、文书、诉讼、田宅**等多个维度进行现代语境拓展和象意衍生。核心在于训练LLM识别在不同情境下，生门所代表的机遇与挑战，以及相应的行动策略（宜动宜静、趋吉避凶）。通过对传统奇门遁甲理论的精细化解读与现代场景映射，本文旨在提升LLM在复杂决策分析、风险评估和策略建议方面的能力，使其能够更准确地捕捉信息，进行更精准的推理，并生成具有预测性和指导性的内容。

1. 引言
奇门遁甲作为中国古代高层次的预测学体系，其符号系统不仅描绘吉凶，更深入揭示事物发展中的细微动态和潜在变数。八门是奇门遁甲中的核心符号之一，代表着人事活动的不同状态和吉凶宜忌。其中，生门象征着生发、生长、生机、利润和求财，通常被视为一个吉利的符号。然而，当生门与其他八门组合时，其原本的吉利属性并非一成不变，而是会与其他门的象意相互作用，产生更复杂、更具指向性的吉凶变化。

本研究聚焦于“生门”与其他八门的不同组合，旨在为LLM构建一套精细化的训练语料。通过对**“生加生”、“生加伤”、“生加杜”、“生加景”、“生加死”、“生加惊”、“生加开”、“生加休”这八种组合进行逐一解析，我们将深入探讨其在求财、远行、人际关系、健康状况、文书处理、法律诉讼以及田宅事宜**等现代生活领域的具体体现。这将使LLM能够更准确地识别这些组合所预示的机遇与挑战，理解其内在的吉凶辩证关系，并根据具体情境生成具有实用价值的行动建议，从而提升LLM在预测分析和辅助决策方面的智能化水平。

2. “生门”组合格局的象意深度解析与现代语境拓展
2.1. 生加生：远行求财，大吉大利
传统内涵：“主远行，求财，吉。” 生门与生门的重叠，极大地强化了生发、生长、利润的属性，预示着在远行和求财方面都将获得顺利和丰厚的回报。

现代语境拓展：

财富与事业：预示着通过远距离的商业活动、跨区域合作或海外投资，能够获得丰厚利润。适合拓展外地市场、寻求异地发展机会。

出行与旅行：远距离旅行、出差将非常顺利和愉快，有助于身心放松或达成目的。

人际关系：在异地或通过远程方式结交有助益的朋友或合作伙伴。

其他：适合搬迁到新的地方居住或工作，有利于个人发展和财富积累。

LLM训练要点：识别“远行得利”、“求财顺利”、“异地发展”、“拓展市场”、“大吉大利”等积极象意。"
生,伤,"生加伤：亲友变动，道路不吉
? 传统内涵：“主亲友变动，道路不吉。” 生门为生发，伤门为伤心、伤害、变动。此组合预示着亲友关系可能发生变化，或者在出行、道路方面遇到不顺或阻碍。
? 现代语境拓展：
? 人际关系：亲戚朋友之间可能出现关系疏远、争吵、甚至分离等变动。
? 出行与交通：出行可能遭遇交通堵塞、意外事故、道路不畅等问题。
? 项目进展：项目推进过程中可能遇到意想不到的阻碍或变故，导致进展受损。
? 其他：任何涉及变动、更改的事务都应谨慎，可能带来负面影响。
? LLM训练要点：识别“亲友关系变化”、“道路不顺”、“交通意外”、“项目受阻”、“变动不利”等负面象意。"
生,杜,"生加杜：阴谋损财，不利
? 传统内涵：“主阴谋、阴人损财，不利。” 生门为生发，杜门为堵塞、隐藏、技术。此组合预示着可能遭遇暗中算计、阴谋诡计，导致财产损失，且整体不利。
? 现代语境拓展：
? 财务风险：可能遭遇诈骗、暗箱操作、或被小人暗中侵占财产，导致经济损失。
? 人际关系：警惕身边的小人或背后使坏的人，可能因其阴谋而受损。
? 商业竞争：在商业竞争中，可能遭遇对手的恶意诽谤、技术窃取或不正当竞争，导致利益受损。
? 其他：任何涉及隐秘、暗中进行的事务都应格外小心，防止被算计。
? LLM训练要点：识别“阴谋诡计”、“小人作祟”、“财产损失”、“暗中受损”、“不利局面”、“警惕欺诈”等负面象意。"
生,景,"生加景：阴人、小口不宁及文书事
传统内涵：“主阴人、小口不宁及文书事。” 生门为生发，景门为景色、文书、口舌、争斗。此组合预示着可能因女性（阴人）或晚辈（小口）引发不安，以及在文书、合同方面出现问题。

现代语境拓展：

家庭关系：家中女性成员（如妻子、女儿）或小孩可能出现健康问题、情绪不稳或引发家庭矛盾。

文书合同：处理重要文件、合同、协议时，可能因细节疏忽、条款不清而引发争议或纠纷。

人际沟通：与女性或晚辈沟通时容易产生误解或口舌是非。

其他：任何涉及书面材料、宣传推广的事务都应谨慎，防止引发负面影响。

LLM训练要点：识别“女性/晚辈不安”、“家庭矛盾”、“文书争议”、“合同纠纷”、“沟通不畅”、“口舌是非”等象意。"
生,死,"生加死：田宅官司，病则难救
传统内涵：“主田宅官司，病则主难救。” 生门为生发，死门为死亡、停止、地盘、牢狱、不吉。此组合预示着可能因房产、土地等田宅问题引发官司，且疾病凶险，难以治愈。

现代语境拓展：

房产纠纷：可能卷入房屋买卖、租赁、土地产权等方面的法律纠纷，甚至面临诉讼。

健康状况：测病则预示病情严重，治疗效果不佳，甚至有生命危险。

遗产继承：可能因遗产、房产继承问题引发家庭矛盾或法律纠纷。

其他：任何与不动产相关的事务都应格外谨慎，避免法律风险。

LLM训练要点：识别“房产官司”、“土地纠纷”、“疾病凶险”、“难以治愈”、“生命危险”、“遗产争议”等负面象意。"
生,惊,"生加惊：尊长财产、词讼，病迟愈，吉
传统内涵：“主尊长财产、词讼，病迟愈，吉。” 生门为生发，惊门为惊恐、口舌、官司、是非。此组合预示着可能涉及长辈的财产纠纷或诉讼，疾病虽然痊愈缓慢，但最终能好转，整体结果是吉利的。

现代语境拓展：

长辈事务：可能需要处理与家中长辈相关的财产问题、遗产分配或法律纠纷。

法律诉讼：卷入的诉讼或纠纷虽然过程曲折，但最终能得到有利的判决或和解。

健康状况：疾病恢复较慢，需要长期治疗和调养，但最终能康复。

其他：虽然过程中有惊吓、担忧，但最终结果是好的。

LLM训练要点：识别“长辈财产纠纷”、“诉讼最终有利”、“疾病缓慢康复”、“先惊后喜”、“最终吉利”等象意。"
生,开,"生加开：见贵人，求财大发
传统内涵：“主见贵人，求财大发。” 生门为生发、利润，开门为开创、开放、事业。此组合是生门与开门的最佳组合之一，预示着在贵人帮助下，求财和事业发展都将获得巨大成功。

现代语境拓展：

财富机遇：财运亨通，通过贵人引荐或合作，能够获得丰厚利润，实现财富快速增长。

事业发展：事业发展势头强劲，有新的突破和机遇，得到上级或重要人物的赏识和提携。

人际关系：容易结交有权势、有能力的人，得到他们的支持和帮助。

其他：适合创业、投资、拓展新业务，能够迅速取得成功。

LLM训练要点：识别“求财大吉”、“贵人相助”、“事业腾飞”、“财富暴增”、“成功开创”等积极象意。"
生,休,"生加休：阴人处，谋财利
传统内涵：“主阴人处，谋财利。” 生门为生发，休门为休闲、吉利、求财。此组合预示着通过女性（阴人）或在隐秘、休闲的场合，能够顺利谋取到财物和利益。

现代语境拓展：

财富获取：可能通过女性朋友、合作伙伴（女性）、或一些非公开的渠道获得资金或资源。

人际关系：在轻松的社交场合或私人聚会中，能够结交到有助益的人，并从中获得商机。

投资理财：在一些低调、不显眼的投资领域，能够获得稳定且可观的收益。

其他：适合在幕后操作，避免高调行事，以稳健的方式求财。

LLM训练要点：识别“女性助力”、“隐秘求财”、“休闲得利”、“低调获益”、“稳健收益”等象意。"
伤,伤,"伤加伤：变动远行，皆主折伤
? 传统内涵：“主变动、远行皆主折伤。” 伤门与伤门的重叠，极大地强化了伤害、损失、变动的负面属性，预示着任何形式的变动和远距离出行都可能带来实际的伤害和损失。
? 现代语境拓展：
? 出行安全：预示着出行、旅行或搬家过程中容易发生意外事故、身体受伤（如骨折、扭伤），或财产损失。
? 职业变动：不适合跳槽、岗位调整或创业，可能导致事业受挫、经济损失或声誉受损。
? 人际关系：与亲友或合作伙伴之间可能因变动而产生冲突，导致关系破裂或利益受损。
? 投资决策：不宜进行高风险投资或频繁交易，可能导致资金严重亏损。
? LLM训练要点：识别“变动不利”、“远行凶险”、“身体伤害”、“财产损失”、“关系破裂”、“避免行动”等负面象意。"
伤,杜,"伤加杜：变动失聪，官司刑狱，百事凶
传统内涵：“主变动、失聪、官司、刑狱、百事凶。” 伤门为伤害、杜门为堵塞、隐藏、技术。此组合预示着任何变动都可能导致沟通障碍（失聪）、陷入法律纠纷甚至牢狱之灾，所有事情都将走向凶险。

现代语境拓展：

法律风险：可能因某种变动（如合同违约、商业纠纷）而卷入官司，甚至面临刑事责任和牢狱之灾。

沟通障碍：在变革或转型期间，内部沟通严重受阻，导致信息不对称，决策失误，进而引发危机。

职业困境：在工作变动中可能遭遇不公平待遇，甚至因失误或被陷害而面临法律指控。

健康问题：除了听力问题（失聪），还可能因变动带来的压力或意外导致其他严重的身体损伤。

LLM训练要点：识别“变动凶险”、“官司缠身”、“牢狱风险”、“听力损伤”、“沟通障碍”、“全面不利”等极端负面象意。"
伤,景,"伤加景：文书印信，口舌惹是生非
传统内涵：“主文书、印信、口舌、惹是生非。” 伤门为伤害，景门为文书、口舌、争斗。此组合预示着因文书、合同或言语不慎而引发口舌是非、争吵，甚至导致实际的损害。

现代语境拓展：

合同纠纷：签署重要文件、合同或协议时，可能因条款模糊、理解偏差或伪造文书而引发法律纠纷和经济损失。

言语冲突：在公共场合或社交媒体上，因言语不当或信息传播不实而引发争议、人际关系破裂甚至名誉受损。

知识产权：在版权、专利、商标等文书相关的事务中，容易发生侵权、盗用或法律纠纷。

公关危机：发布新闻稿、宣传材料时，可能因信息失误或带有攻击性言论而引发严重的公关危机。

LLM训练要点：识别“文书争议”、“口舌是非”、“惹是生非”、“信息失误”、“言语冲突”、“法律纠纷风险”等负面象意。"
伤,死,"伤加死：官司印信凶，出行大忌，占病凶
传统内涵：“主官司、印信凶，出行大忌，占病凶。” 伤门为伤害，死门为死亡、停止、地盘、牢狱、不吉。此组合预示着在法律诉讼、重要文件处理、出行以及健康方面都将面临极端凶险，甚至有生命危险。

现代语境拓展：

法律风险：面临的官司几乎没有胜算，可能涉及重要文件遗失、证据不足或被篡改，导致败诉甚至承担刑事责任。

出行安全：绝对不宜出行、出差或旅行，可能遭遇严重交通事故、生命威胁或财产被劫。

健康状况：测病则预示病情极其凶险，预后不良，甚至有生命危险。

事业危机：涉及重要合同、印章、批文的事务可能出现重大失误，导致事业停滞甚至倒闭。

LLM训练要点：识别“官司败诉”、“生命危险”、“出行禁忌”、“疾病凶险”、“文件丢失”、“事业停滞”等极端负面象意。"
伤,惊,"伤加惊：亲人疾病、惊忧，谋为不利，凶
传统内涵：“主亲人疾病、惊忧，谋为不利，凶。” 伤门为伤害，惊门为惊恐、口舌、官司、是非。此组合预示着亲近之人（亲人或重要关系）可能遭遇疾病或意外，给自己带来惊吓和担忧，且任何谋划之事都将不顺利，结果凶险。

现代语境拓展：

家庭健康：家中亲属可能突发疾病、遭遇意外伤害，需要大量医疗支出和精神照顾。

人际关系：与亲近之人发生激烈争执或误会，导致关系紧张，带来惊吓和不安。

事业谋划：任何试图开展的新项目、新合作都将遭遇挫折，难以成功，且可能因意外事件而被迫中断。

心理健康：因亲人困境或事业不顺而长期处于焦虑、惊恐状态，影响自身身心健康。

LLM训练要点：识别“亲人疾病”、“惊吓担忧”、“谋事不利”、“项目受挫”、“人际冲突”、“精神困扰”等负面象意。"
伤,开,"伤加开：见贵人、开张、走失、变动等事不利
传统内涵：“主见贵人、开张、走失、变动等事不利。” 伤门为伤害，开门为开创、开放、事业。此组合是一个反向的吉凶搭配，尽管有开创之意和贵人出现，但任何开创、变动甚至与贵人的互动都可能带来负面结果，如走失或损失。

现代语境拓展：

商业开创：不适合开店、创业或拓展新业务，可能遭遇亏损、客户流失，甚至被同行恶意竞争。

贵人助力：即使有贵人出现，其提供的帮助也可能带来意想不到的负面后果，或其自身陷入麻烦，反而连累自己。

人员变动：公司内部的人事变动、人员流失可能带来团队不稳定或重要人才的“走失”。

其他：任何试图开始新事物的举动都应格外谨慎，可能带来损失或不如预期。

LLM训练要点：识别“开创不利”、“贵人反噬”、“人员流失”、“商业亏损”、“变动受损”、“警惕开端”等负面象意。"
伤,休,"伤加休：男人变动或托人谋事，财名不利
传统内涵：“主男人变动或托人谋事，财名不利。” 伤门为伤害，休门为休闲、吉利、求财。此组合预示着男性可能因变动而受损，或者通过他人（尤其是男性）谋求的事务，无论在财运还是名誉方面都将不利。

现代语境拓展：

男性事务：男性个人或相关项目可能遭遇职业变动、投资失利、人际冲突等，导致财富或名誉受损。

委托他人：通过中间人、代理人或他人协助处理的事务，容易出现偏差或被欺骗，导致钱财损失或名声受损。

人际关系：与男性合作伙伴或朋友之间可能出现矛盾或不信任，导致合作破裂或利益受损。

求财途径：通过非正规或依赖他人的途径求财，结果往往不佳，甚至招致负面影响。

LLM训练要点：识别“男性不利”、“委托有损”、“财名双失”、“人际不顺”、“避免借力”、“负面影响”等负面象意。"
伤,生,"伤加生：房产、种植业等变动
传统内涵：“主房产、种植业等变动。” 伤门为伤害，生门为生发、生长、利润。此组合预示着在房地产、农业（种植业）等领域可能发生变动，这些变动可能带来损失或不确定性。

现代语境拓展：

房地产市场：预示着房地产市场可能出现政策调整、价格波动、项目停滞或开发商出现问题，导致投资者或业主利益受损。

农业生产：农作物生长可能遭遇病虫害、自然灾害或市场价格波动，导致收成减少或亏损。

土地资产：土地权属、租赁合同等可能发生变动，引发纠纷或带来不利影响。

投资领域：投资与土地、自然资源相关的项目时应格外谨慎，可能面临政策风险、环保风险或自然灾害风险。

LLM训练要点：识别“房产变动”、“种植业风险”、“土地纠纷”、“投资谨慎”、“自然灾害影响”、“市场波动”等中性偏负面象意。"
杜,杜,"杜加杜：父母疾病，田宅出脱，凶
传统内涵：“主因父母疾病、田宅出脱事，凶。” 杜门与杜门的重叠，极大地强化了阻碍、隐藏、堵塞的负面属性。这预示着可能因父母健康问题而导致家庭资产流失，或在田宅（房产、土地）方面遭遇被迫出售、纠纷等凶险之事。

现代语境拓展：

家庭健康与财务：预示着父母长辈可能罹患重病，需要高昂的医疗费用，导致家庭经济压力增大，甚至被迫出售房产或土地来支付开销。

房产纠纷：房屋、土地产权可能出现纠纷，如被强制征收、拆迁补偿不公，或因产权不明导致交易受阻、被迫低价出售。

遗产继承：与父母遗产相关的事务可能遇到阻碍，甚至引发家庭内部矛盾和财产流失。

其他：任何与家庭资产、长辈健康相关的隐秘问题都可能被暴露，并带来损失。

LLM训练要点：识别“父母疾病”、“田宅损失”、“财产流失”、“家庭纠纷”、“被迫出售”、“凶险结局”等负面象意。"
杜,景,"杜加景：文书印信阻隔，阳人小口疾病
传统内涵：“主文书、印信阻隔，阳人小口疾病。” 杜门为阻碍、隐藏，景门为文书、口舌。此组合预示着在处理文书、印章等重要文件时会遇到阻碍或拖延，同时男性（阳人）或小孩（小口）可能出现健康问题。

现代语境拓展：

文书受阻：重要合同、批文、证件的审批或签署可能遇到阻碍，进展缓慢，甚至被搁置。

男性/儿童健康：家庭中男性成员（如丈夫、儿子）或儿童可能出现健康问题，如疾病、意外伤害，需要关注。

信息不畅：文件传输、信息沟通可能被“堵塞”或隐藏，导致误解或延误。

法律事务：在涉及法律文件、证据收集的官司中，可能因资料缺失、提交受阻而处于不利地位。

LLM训练要点：识别“文书延误”、“印信受阻”、“男性/儿童疾病”、“信息堵塞”、“沟通不畅”、“法律障碍”等中性偏负面象意。"
杜,死,"杜加死：田宅、文书失落，官司破财小凶
传统内涵：“主田宅、文书失落，官司破财小凶。” 杜门为阻碍、隐藏，死门为停止、不吉。此组合预示着房产文件或重要文书可能丢失，引发官司纠纷并带来财产损失，虽然是“小凶”，但仍需警惕。

现代语境拓展：

财产安全：房产证、土地证、遗嘱等重要文件可能丢失或被窃，导致产权不明，甚至引发所有权争议和诉讼。

法律风险：因文件遗失或合同漏洞而卷入法律纠纷，需要支付律师费、赔偿金，导致财产损失。

信息管理：企业的重要档案、客户数据等可能因管理不善而失落或泄露，造成经济和声誉损失。

其他：任何涉及不动产和重要凭证的事务都应格外小心，防止因疏忽而造成损失。

LLM训练要点：识别“文件丢失”、“房产纠纷”、“官司缠身”、“财产损失”、“小凶但仍有损”、“信息泄露”等负面象意。"
杜,惊,"杜加惊：门户内忧疑、惊恐、词讼事
传统内涵：“主门户内忧疑、惊恐、词讼事。” 杜门为阻碍、隐藏，惊门为惊恐、口舌、官司。此组合预示着家庭内部或组织内部可能出现隐秘的担忧、惊吓和口舌官司。

现代语境拓展：

家庭内部矛盾：家中可能出现隐秘的争吵、猜疑、不和，甚至因财产、继承等问题而引发家庭内部的法律纠纷。

企业内部危机：公司内部可能存在腐败、权力斗争或泄密等隐患，导致内部人心惶惶，甚至引发员工间的举报或法律诉讼。

人际信任危机：对亲近之人产生怀疑，担心其行为或言语带来负面影响，导致人际关系紧张。

其他：任何与隐私、内部纠纷相关的事务都可能带来惊吓和不安。

LLM训练要点：识别“内部矛盾”、“家庭纠纷”、“企业内斗”、“隐私泄露”、“惊恐不安”、“法律风险”等负面象意。"
杜,开,"杜加开：见贵人、官长谋事，先破财后吉
传统内涵：“主见贵人、官长谋事，先破财后吉。” 杜门为阻碍、隐藏，开门为开创、贵人。此组合预示着虽然能见到贵人或高层领导，并谋求事情，但前期需要付出一定的经济代价（破财），之后才能获得好的结果。

现代语境拓展：

寻求合作/帮助：向有权势的人或机构寻求合作、资金支持或政策批复时，可能需要先行支付高额咨询费、公关费或疏通费用，项目才能顺利推进。

创业投资：在创业初期，可能需要大量资金投入或经历亏损，才能最终看到盈利和成功。

法律援助：寻求法律咨询或解决纠纷时，前期需要支付高额律师费，但最终能获得有利判决。

其他：任何需要突破阻碍、打开局面的事情，都需有先付出后收获的心理准备。

LLM训练要点：识别“先付出后收获”、“前期破财”、“最终有利”、“贵人相助但有代价”、“谈判成本高”、“先苦后甜”等中性偏积极象意。"
杜,休,"杜加生：阳人小口破财，田宅求财不利
传统内涵：“主阳人小口破财，田宅求财不利。” 杜门为堵塞，生门为生发、利润。此组合预示着家中的男性晚辈（阳人小口）可能遭遇财产损失，并且通过房产、土地等田宅获得的财富将不顺利。

现代语境拓展：

家庭财务：家中男性儿童或年轻男性可能因意外、投资失误或消费不当而导致财产损失。

房产投资：投资房地产或土地开发等项目将遭遇阻碍，难以获得预期利润，甚至可能亏损。

遗产分配：在遗产分配中，男性晚辈可能处于不利地位，或其继承的房产价值缩水。

其他：警惕男性晚辈的财务状况和与不动产相关的投资。

LLM训练要点：识别“男性晚辈破财”、“房产求财不利”、“投资受阻”、“家庭财务风险”、“资产贬值”等负面象意。"
杜,生,"杜加生：阳人小口破财，田宅求财不利
传统内涵：“主阳人小口破财，田宅求财不利。” 杜门为堵塞，生门为生发、利润。此组合预示着家中的男性晚辈（阳人小口）可能遭遇财产损失，并且通过房产、土地等田宅获得的财富将不顺利。

现代语境拓展：

家庭财务：家中男性儿童或年轻男性可能因意外、投资失误或消费不当而导致财产损失。

房产投资：投资房地产或土地开发等项目将遭遇阻碍，难以获得预期利润，甚至可能亏损。

遗产分配：在遗产分配中，男性晚辈可能处于不利地位，或其继承的房产价值缩水。

其他：警惕男性晚辈的财务状况和与不动产相关的投资。

LLM训练要点：识别“男性晚辈破财”、“房产求财不利”、“投资受阻”、“家庭财务风险”、“资产贬值”等负面象意。"
杜,伤,"杜加伤：兄弟田产破财
传统内涵：“主兄弟田产破财。” 杜门为堵塞，伤门为伤害、损失。此组合预示着兄弟之间（或亲近的同辈朋友）可能因房产、土地等不动产问题而引发纠纷，导致财产损失。

现代语境拓展：

家庭纠纷：兄弟姐妹之间可能因遗产分配、房屋产权或土地使用权等问题产生激烈矛盾，甚至诉诸法律，导致家庭财产受损。

合伙投资：与兄弟或朋友合伙投资房产或相关项目，可能因意见不合、管理不善或市场变化而导致资金亏损。

其他：警惕与亲近之人共同持有不动产或进行相关投资，容易因利益分配不均而产生冲突和损失。

LLM训练要点：识别“兄弟争产”、“田产纠纷”、“财产损失”、“合伙投资风险”、“家庭不和”、“关系破裂”等负面象意。"
景,景," 景加景：文状未动先见忧，家有阳人小口患
传统内涵：“主文状未动，有预先见之意，内有阳人、小口忧患。” 景门与景门的重叠，强化了文书和信息的属性，预示着虽然法律文件或诉讼尚未启动，但已经有预感或迹象显示即将发生，且家中男性或晚辈可能遭遇忧患。

现代语境拓展：

法律风险预警：预示着即将面临诉讼、合同纠纷或知识产权争议，虽然尚未正式启动，但已能感受到潜在威胁或收到相关信号。

家庭成员健康/安全：家中男性成员（如丈夫、儿子）或晚辈（小口）可能出现健康问题、意外事故或遭遇烦心事，需要提前关注和预防。

信息泄露/舆情风险：可能预感到信息泄露、负面新闻即将曝光，或口舌是非即将升级，需要提前做好公关应对准备。

其他：在任何需要签署重要文件或发布信息前，应仔细审查，并留意家中亲人的状况。

LLM训练要点：识别“法律风险预警”、“潜在诉讼”、“家庭成员隐患”、“信息安全”、“口舌是非预兆”、“提前预警”等象意。"
景,死,"景加死：官讼、争田宅事，多啾唧
传统内涵：“主官讼，争田宅事，多啾唧。” 景门为文书、口舌，死门为死亡、停止、地盘、不吉。此组合直接指向因田产、房屋等不动产引发的官司纠纷，且过程多磨多难，纠缠不清。

现代语境拓展：

房地产法律纠纷：涉及房屋买卖、租赁、土地产权、遗产继承等方面的诉讼，过程复杂且难以迅速解决，消耗精力与财力。

家庭财产争议：因家族遗产、房产分配问题引发的长期争吵和法律行动，可能导致家庭关系彻底破裂。

法律诉讼复杂性：任何与不动产相关的法律案件都将非常棘手，证据繁琐，审理周期长，当事人感到疲惫不堪。

其他：避免在此期间进行任何不动产交易或签署相关协议。

LLM训练要点：识别“房产官司”、“土地纠纷”、“长期诉讼”、“家庭财产争议”、“复杂难解”、“消耗精力”等负面象意。"
景,开,"景加开：官人升迁，求文印事皆吉
传统内涵：“官人升迁，求文印事皆吉。” 景门为文书、开门为开创、官运。此组合是景门与开门的吉利组合，预示着在仕途、职业晋升以及与文书、印章相关的事宜上将获得顺利和成功。

现代语境拓展：

职业发展：适合考公务员、求职政府部门或大型企业，容易获得晋升、职位调动或重要任命，前途光明。

文书审批：处理政府批文、资质证书、重要合同等事宜将非常顺利，容易获得批准或通过。

学术成就：在科研、教育、文化领域发表重要论文、著作，或获得学术荣誉。

其他：适合处理与官方、权威机构相关的事务，并能取得积极成果。

LLM训练要点：识别“官运亨通”、“事业晋升”、“文书顺利”、“求职成功”、“学术成就”、“权威认可”等积极象意。"
景,休,"景加休：文书遗失，争讼不休
传统内涵：“主文书遗失，争讼不休。” 景门为文书、口舌，休门为休闲、吉利。然而，在这里休门的吉利被景门的口舌和遗失象意所压制。此组合预示着文书文件可能丢失，引发没完没了的争吵或诉讼。

现代语境拓展：

文件管理：重要合同、证明文件、账目清单等容易被遗失、盗窃或损坏，导致后续的法律纠纷或经济损失。

法律纠纷持续：卷入的诉讼或争吵难以平息，反复出现，耗费时间和精力，即使有贵人相助也难以彻底解决。

信息传递失误：因文件缺失或信息传递不完整，导致误解，进而引发长期的人际冲突或商业争端。

其他：在此期间应格外注意文件的保管，并尽量避免卷入争议。

LLM训练要点：识别“文书丢失”、“诉讼缠身”、“争吵不休”、“信息不全”、“纠纷持续”、“谨慎保管”等负面象意。"
景,生,"景加生：阴人生产大喜，更主求财旺利，行人大吉
传统内涵：“主阴人生产大喜，更主求财旺利，行人大吉。” 景门为文书、光明，生门为生发、利润。此组合是景门与生门的吉利组合，预示着女性有生育的喜事，求财顺利且利润丰厚，出行也将非常顺利。

现代语境拓展：

家庭喜事：家中女性（如妻子、女儿）有怀孕生子、喜得贵子的可能，为家庭带来巨大喜悦。

财富增长：财运亨通，尤其是在文化、传媒、教育、咨询等与信息、知识相关的行业，能够获得丰厚利润，实现财富快速增长。

出行顺利：出行、旅行或远距离商务活动都将非常顺利，收获颇丰。

其他：适合投资文化创意产业、教育培训机构，或进行知识付费等业务。

LLM训练要点：识别“喜得贵子”、“财运旺盛”、“利润丰厚”、“出行顺利”、“文化产业盈利”、“知识变现”等积极象意。"
景,伤,"景加伤：亲眷口舌，败财后平
传统内涵：“主亲眷口舌，败财后平。” 景门为口舌，伤门为伤害、损失。此组合预示着与亲戚朋友之间会发生口舌争吵，可能导致小额财产损失，但最终能够平息下来，不至于造成毁灭性打击。

现代语境拓展：

家庭人际冲突：与亲戚、朋友或同事之间因言语不合、误解或小摩擦而引发争吵，甚至导致一些经济上的小损失。

财产损失：可能因口舌纠纷、信息失误或冲动消费而导致小额财产损失。

关系修复：虽然有矛盾和损失，但最终能够通过沟通化解误会，关系得以修复，影响有限。

其他：提醒在此期间注意言行，避免不必要的争执，以免引起不必要的财产损失和人际不快。

LLM训练要点：识别“亲友口舌”、“小额损失”、“最终平息”、“争吵和解”、“言语不慎”、“避免冲突”等中性偏负面但可控的象意。"
死,死,"死加死：官事，无气，凶
传统内涵：“主官事，无气、凶。” 死门与死门的重叠，极大地强化了终止、停滞和凶险的属性，预示着官司或任何事物都将陷入僵局，毫无生气，结果凶险。

现代语境拓展：

法律诉讼：预示着官司将陷入长期停滞，证据不足，失去希望，最终可能以败诉或不了了之告终。

事业困境：事业或项目陷入死胡同，缺乏活力和进展，面临倒闭或裁员的风险。

健康状况：测病则预示病情严重，患者生命力极其微弱，预后不佳。

心理状态：个人可能感到极度疲惫、绝望，对未来失去信心，陷入抑郁或麻木状态。

LLM训练要点：识别“官司僵局”、“事业停滞”、“生命垂危”、“绝望无力”、“毫无生气”、“极端凶险”等负面象意。"
死,惊,"死加惊：因官司事不结，忧疑患病凶
传统内涵：“因官司事不结，忧疑患病凶。” 死门为终止、凶险，惊门为惊恐、口舌、官司。此组合预示着官司将长期缠绕不休，由此引发忧虑、怀疑，导致疾病缠身，最终凶险。

现代语境拓展：

法律纠纷：卷入旷日持久的法律诉讼，过程充满变数和不确定性，身心俱疲，难以摆脱。

身心健康：长期处于法律压力和不确定性中，可能导致严重的焦虑症、失眠、甚至其他躯体疾病，病情恶化。

人际关系：与他人之间的争执或口舌是非无法平息，不断消耗精力，最终可能导致关系彻底破裂并引发健康问题。

其他：任何试图解决问题的努力都可能再次陷入泥潭，建议寻求专业法律和心理支持。

LLM训练要点：识别“官司缠身”、“长期纠纷”、“身心俱疲”、“忧虑成疾”、“惊恐不安”、“预后不佳”等负面象意。"
死,开,"死加开：见贵人求文书、印信事利
传统内涵：“见贵人求文书、印信事利。” 死门为终止，开门为开创、吉利。这是一个凶中藏吉的组合，预示在绝境中能遇到贵人相助，并在文书、印信（如合同、批文）等重要事务上获得有利进展。

现代语境拓展：

危机转机：在事业或法律困境中，意外获得重要人物的帮助，签署关键文件或取得官方批复，从而扭转局面。

文件审批：之前停滞不前的项目或申请，因贵人介入而顺利获得审批、批文，解除障碍。

遗产继承：在遗产分割或继承纠纷中，通过权威人士的协调，能够顺利获得合法的文书或印信，解决争议。

其他：虽然面临困境，但仍有通过权威渠道获得解决方案的机会。

LLM训练要点：识别“绝处逢生”、“贵人助力”、“文书顺利”、“危机化解”、“印信有利”、“扭转乾坤”等积极转折象意。"
死,休,"死加休：求财物事不吉，向僧道求方吉
传统内涵：“主求财物事不吉，向僧道求方吉。” 死门为终止、凶险，休门为吉利、求财、休闲。此组合预示求财之事不顺利，难以获得，但寻求宗教或精神层面的帮助（僧道）则能得到指引或解脱。

现代语境拓展：

财务困境：投资失利、收入停滞或面临经济损失，求财无门，财运不佳。

精神慰藉：在物质困境中，通过信仰、冥想、心理咨询或寻求精神导师的帮助，能够获得内心的平静和方向。

非物质追求：提醒人们在面对物质困境时，转向精神或哲学层面寻求解决方案，而非执着于物质。

其他：不适合进行任何形式的投资或商业活动，应将重心放在自我调整和精神提升上。

LLM训练要点：识别“求财不利”、“经济停滞”、“精神求助”、“宗教指引”、“非物质收获”、“寻求慰藉”等中性偏消极但有出路象意。"
死,生,"死加生：丧事，求财则得，占病死者复生
传统内涵：“主丧事，求财则得，占病死者复生。” 死门为死亡，生门为生发、生命、利润。这是一个非常特殊的组合，预示着可能发生丧事，但令人意外的是求财反而顺利，且久病之人或濒死者可能奇迹般地康复。

现代语境拓展：

遗产与财富：可能因亲人离世而继承遗产，或在处理丧事过程中，意外发现新的财源或商业机会。

健康奇迹：面临绝症或濒死边缘的病人，在采取某种新疗法或因意志力强大而奇迹般地康复，起死回生。

商业转型：企业面临倒闭危机，但通过彻底的变革（如旧业务终止，新业务萌芽），反而实现盈利和新生。

其他：预示着“置之死地而后生”，在极端的终止中蕴含着新的生机和财富。

LLM训练要点：识别“丧事得财”、“起死回生”、“绝境求生”、“财富意外”、“生命奇迹”、“彻底转型”等具有强烈对比和反转意味的象意。"
死,伤,"死加伤：官司变动遭刑杖凶
传统内涵：“官司变动遭刑杖凶。” 死门为终止、凶险，伤门为伤害、变动。此组合预示着官司可能在变动中升级，导致严重的法律惩罚、人身伤害，甚至牢狱之灾，结果凶险。

现代语境拓展：

法律风险：在进行法律诉讼或处理纠纷时，任何尝试改变现状的举动都可能适得其反，导致被加重处罚、面临刑罚或遭受经济重创。

职业危机：因工作变动或决策失误，可能遭受公司内部的处罚、解雇，甚至因法律问题而面临诉讼和名誉扫地。

人身安全：可能因冲突升级或意外事件而遭受身体伤害，甚至涉及刑事案件。

其他：警示在面临法律或人身安全风险时，避免任何可能激化矛盾的“变动”行为，保持静默和寻求专业援助是更佳选择。

LLM训练要点：识别“官司加重”、“刑罚风险”、“人身伤害”、“职业危机”、“名誉受损”、“避免变动”等负面象意。"
死,杜,"死加杜：破财，妇人风疾，腹肿
传统内涵：“破财，妇人风疾，腹肿。” 死门为终止、凶险，杜门为堵塞、隐藏、技术。此组合预示着财产损失，以及女性可能遭遇风湿性疾病或腹部肿胀等健康问题。

现代语境拓展：

财务损失：可能因不明原因的投资失利、隐藏的债务或被欺骗而导致财产损失，资金流动受阻。

女性健康：女性可能患上与湿气、风寒相关的慢性病（如关节炎、风湿病），或消化系统、妇科方面出现腹部不适、水肿等问题。

隐性危机：公司或家庭内部可能存在一些不为人知的隐患或漏洞，最终导致财务问题或健康危机爆发。

其他：警惕隐藏的风险和不易察觉的健康问题，尤其关注女性健康和财务安全。

LLM训练要点：识别“财产损失”、“女性疾病”、“风湿关节炎”、“腹部肿胀”、“隐性危机”、“健康隐患”等负面象意。"
死,景,"死加景：因文信、书契、财产事见官，先怒后喜不凶
传统内涵：“因文信、书契、财产事见官，先怒后喜不凶。” 死门为终止、景门为文书、口舌。此组合预示着可能因文书、合同或财产问题而引发法律纠纷，初期会感到愤怒、不安，但最终能够解决问题，结果并非凶险。

现代语境拓展：

法律纠纷解决：虽然因合同、遗产或财产证明等问题卷入官司，过程令人气愤和担忧，但通过努力或调解，最终能够达成和解或获得有利的判决。

信息澄清：因误解、谣言或不实文书导致的声誉危机，通过正面沟通和澄清，最终能够恢复名誉，消除负面影响。

资产处置：在处理停滞资产或不良资产时，虽然初期会面临困难和损失，但最终能成功处置并获得合理回报。

其他：强调“先苦后甜”，虽然过程曲折，但最终会迎来转机。

LLM训练要点：识别“官司化解”、“财产纠纷解决”、“先怒后喜”、“转危为安”、“信息澄清”、“资产处置成功”等中性偏积极的转折象意。"
惊,惊,"惊加惊：疾病、忧虑、惊疑、惊恐
传统内涵：“主疾病、忧虑、惊疑、惊恐。” 惊门与惊门的重叠，极大地强化了惊恐、不安的属性，预示着将面临多重压力，导致身体不适（疾病）和心理上的持续担忧、怀疑和恐惧。

现代语境拓展：

身心健康：预示着可能因过度焦虑、精神紧张而导致失眠、心悸、消化系统紊乱等身心疾病，甚至出现惊恐发作或疑病症。

信息恐慌：接收到大量不确定、负面的信息，引发内心的恐慌和不安，难以做出清晰判断。

人际关系：与人交往中充满不信任和疑虑，容易因小事产生误会和争执，导致人际关系紧张。

决策困境：在面临重大决策时，因过度担忧后果而犹豫不决，错失良机，或因恐惧而做出错误选择。

LLM训练要点：识别“过度焦虑”、“精神紧张”、“身心疾病”、“信息过载”、“疑虑重重”、“决策障碍”等负面象意。"
惊,开,"惊加开：忧疑，官事惊恐，见喜贵则不凶
传统内涵：“主忧疑，官事惊恐，见喜贵则不凶。” 惊门为惊恐、官司，开门为开创、贵人。此组合预示着虽然会面临官司或令人担忧的事情，但如果能遇到贵人相助，这些困境最终能得到化解，结果并非凶险。

现代语境拓展：

法律纠纷：可能卷入法律诉讼或调查，初期会感到惊恐和不安，但通过寻求有背景、有权势的贵人帮助（如资深律师、行业领袖），最终能顺利解决，避免最坏结果。

事业危机：公司面临危机或重组，员工感到恐慌，但若能得到高层领导或重要客户的支持，则能化险为夷，甚至迎来新的发展机遇。

声誉危机：因不实谣言或负面信息引发名誉受损，虽然令人担忧，但通过权威人士的澄清或干预，能扭转局面。

其他：强调在困境中寻求外部力量帮助的重要性。

LLM训练要点：识别“官司惊恐但有贵人”、“危机化解”、“转危为安”、“寻求帮助”、“柳暗花明”等转折和积极象意。"
惊,休,"惊加休：求财事或口舌事，迟吉
传统内涵：“求财事或口舌事，迟吉。” 惊门为惊恐、口舌，休门为吉利、求财。此组合预示着在求财或处理口舌是非时，过程会比较慢，充满担忧或争议，但最终能得到一个好的结果。

现代语境拓展：

财务获取：在寻求投资回报、薪资谈判或商业交易时，可能会经历漫长的等待、反复协商，甚至一些小摩擦，但最终能达成有利的协议或获得收益。

人际沟通：与人沟通时容易产生误解或小争执，导致进展缓慢，但通过耐心解释和时间推移，误会能消除，关系也能恢复。

项目审批：项目的资金申请或审批过程可能出现意外延误，令人焦虑，但最终能获得通过。

其他：强调耐心和坚持的重要性，不要因一时的困难而放弃。

LLM训练要点：识别“求财延迟”、“口舌纷争但解决”、“耐心等待”、“最终有利”、“缓慢进展”等中性偏积极象意。

"
惊,生,"惊加生：因妇人生产或求财而生惊忧，皆吉
传统内涵：“主因妇人生产或求财而生惊忧，皆吉。” 惊门为惊恐，生门为生发、生命、利润。此组合预示着因女性生育或追求财富而产生担忧和惊恐，但最终结果都是好的，有惊无险。

现代语境拓展：

生育健康：女性在怀孕或生产过程中可能遇到一些小插曲，如孕期反应强烈、生产过程稍有不顺，但母子平安，结果皆大欢喜。

财富获取：在投资、创业或求财过程中，可能会遇到一些突发状况或市场波动，令人紧张担忧，但最终能克服困难，获得丰厚利润。

项目启动：新项目启动初期面临未知风险和挑战，令人忐忑不安，但最终项目顺利落地，并带来良好收益。

其他：强调“虚惊一场”，过程虽有波折，但结局是积极的。

LLM训练要点：识别“生育顺利”、“求财有惊无险”、“项目成功”、“虚惊一场”、“最终吉利”、“过程曲折结果好”等积极象意。"
惊,伤,"惊加伤：主因商议同谋害人事泄，惹讼凶
传统内涵：“主因商议同谋害人事泄，惹讼凶。” 惊门为惊恐、官司，伤门为伤害、变动。此组合预示着因合谋损害他人（或不正当行为）的事情被揭露，从而引发官司和严重的伤害，结果凶险。

现代语境拓展：

法律风险：参与非法集资、商业欺诈、不正当竞争或泄露商业秘密等行为，一旦被发现，将面临严重的法律诉讼、刑罚和名誉扫地。

人际背叛：与他人合谋算计或伤害别人，最终因内部矛盾或泄密而被反噬，引发连锁反应，导致自身受损。

企业危机：公司内部存在不正当交易或违法行为，一旦曝光，将引发严重的法律调查和媒体危机，导致企业破产。

其他：警示不要参与任何不正当或损害他人的行为，否则必将自食恶果。

LLM训练要点：识别“同谋泄露”、“官司缠身”、“严重伤害”、“违法行为”、“自食恶果”、“极端凶险”等负面象意。"
惊,杜,"惊加杜：失脱破财事，惊恐，不凶
传统内涵：“失脱破财事，惊恐，不凶。” 惊门为惊恐，杜门为堵塞、隐藏。此组合预示着会发生财物丢失或被盗，过程令人惊恐，但最终损失不大，或者能找回部分财物，结果并非凶险。

现代语境拓展：

财务安全：可能遭遇小偷、诈骗、或因疏忽导致少量财物丢失，初期会感到非常惊慌，但最终损失可控，或能通过保险、追查等方式弥补。

信息泄露：个人敏感信息或公司机密数据可能被泄露，引发恐慌，但通过及时应对和补救措施，负面影响能被限制在可接受范围内。

合同漏洞：在签署合同时可能发现隐藏的条款或漏洞，令人担忧，但及时发现并修正后，能避免更大损失。

其他：提醒人们在遇到财务或信息安全问题时，保持冷静，及时采取措施，损失往往不会太严重。

LLM训练要点：识别“小额破财”、“惊恐但损失不大”、“信息安全可控”、“虚惊一场”、“及时补救”等中性偏保守象意。"
惊,景,"惊加景：主讼词不息，小口疾病，凶
传统内涵：“主讼词不息，小口疾病，凶。” 惊门为惊恐、官司，景门为文书、口舌。此组合预示着法律诉讼或口舌是非将长期持续，难以平息，同时家中的晚辈（小口）可能遭遇疾病，结果凶险。

现代语境拓展：

长期诉讼：卷入旷日持久的法律纠纷，官司反复拉锯，消耗巨大精力、财力，令人身心疲惫。

家庭健康：家中儿童或年轻一辈可能患上慢性病、疑难杂症，或因意外而导致健康问题，带来家庭的担忧和负担。

舆论风波：因言语不慎或信息传播引发的社会舆论，难以平息，持续发酵，给当事人带来巨大压力。

其他：警示要避免任何可能引发长期争议或对家庭成员造成健康风险的行为。

LLM训练要点：识别“诉讼缠身”、“长期争议”、“晚辈疾病”、“家庭负担”、“舆论压力”、“持续凶险”等负面象意。"
惊,死,"惊加死：因田宅中怪异而生是非，凶
传统内涵：“因田宅中怪异而生是非，凶。” 惊门为惊恐，死门为死亡、地盘、不吉。此组合预示着因房产、土地等不动产中出现异常情况（如风水问题、灵异事件、隐藏缺陷）而引发纠纷、口舌是非，最终结果凶险。

现代语境拓展：

房产纠纷：购买或租赁的房屋出现严重质量问题、隐藏的结构缺陷、或与邻里纠纷升级，导致官司和巨额损失。

遗产争夺：因继承的房产或土地存在复杂历史问题、产权不清或被非法侵占，引发家族内部的激烈争执和法律诉讼。

投资风险：投资房地产项目时，可能因地质问题、环境污染或政策变动等“怪异”因素，导致项目停滞或血本无归。

其他：提醒人们在涉及不动产交易时，务必进行详尽的背景调查和风险评估，避免因隐藏问题而陷入困境。

LLM训练要点：识别“房产纠纷”、“土地争议”、“隐藏缺陷”、“投资失败”、“环境问题”、“风水不顺”、“最终凶险”等负面象意。"
