八神,八门,代表含义
值符,杜,"传统象意：“值符杜门艳阳天，主客相交两不欢。往来只为酒食事，相见不曾露良言。”

o
核心内涵：表面和睦，实则心怀鬼胎，双方不坦诚，交流仅限于表面应酬。杜门本有隐匿、阻塞之意，值符临杜门，贵人亦被遮蔽。
o

现代语境拓展：

o
商业领域：表示商业谈判进展不顺，双方互不信任，或存在信息壁垒、商业秘密未被公开。可能涉及隐性竞争、利益冲突、表面合作实则各自为营的情况。适用于分析并购重组、合资谈判中的深层问题。
o
o
人际关系：指朋友或合作伙伴之间存在隔阂，关系僵化，缺乏真诚沟通。可能涉及表面社交、职场内斗、家庭矛盾中不愿面对的问题。
o
o
个人发展：表示在求职、求学或创业过程中遇到无形阻碍，信息不透明，难以获得实质性帮助。也可能暗示需要采取秘密行动或策略，不宜过早暴露意图。
o

训练要点：强调“不欢”、“不露良言”中的非对称信息、隐藏意图。"
值符,景,"文采、小人与成功

传统象意：“符景相会云雨收，谋望多依小人筹。文章异彩衣丝缕，君子嘉爵亦封侯。”

o
核心内涵：表面上看是好转的迹象（云雨收），但成功的谋划背后往往有小人暗中操弄或借由小人之力达成。同时，文采飞扬、事业有成，显示出文化、名誉方面的吉象。
o

现代语境拓展：

o
媒体传播：预示着文化作品、广告宣传、媒体报道将取得显著效果，广受关注（文章异彩）。但其成功可能伴随着幕后操作、争议营销、或利用非正当手段进行传播。适用于分析媒体公关、内容营销的复杂性。
o
o
政治/权力：官员或领导者可能通过非正式渠道或利用次要人物来达成目标。表面光鲜的政绩背后，可能隐藏着一些不为人知的操作。
o
o
个人发展：个人在学术、艺术或职业领域取得成就，获得荣誉和地位。但需警惕成功路上可能出现的竞争者陷害、小人利用或自身因虚荣而盲目。
o

训练要点：关注“小人筹”的灰色操作、幕后推手与“文章异彩、嘉爵封侯”的显性成功之间的辩证关系。"
值符,死,"困境、灾祸与悲观

传统象意：“符死相见阴雨加，秋风习习路难拔。来问只为灾祸事，为谋多被小人辖。”

o
核心内涵：值符临死门，预示着事态艰难，如同阴雨连绵、秋风萧瑟，前路阻碍重重。来者多为询问灾祸、困境之事，且所谋之事易受小人掣肘。
o

现代语境拓展：

o
风险管理：预示着项目面临严重困难，可能导致停滞、失败、或重大损失。适用于危机预警、破产分析、法律诉讼（尤其是败诉风险）。
o
o
心理健康：反映当事人可能处于焦虑、抑郁、悲观绝望的状态，感到无力，易受他人负面影响。
o
o
社会问题：可能暗示社区冲突、群体性事件、公共安全危机，且在解决过程中可能存在暗箱操作或不良势力干预。
o

训练要点：聚焦“阴雨加”、“路难拔”、“灾祸”、“小人辖”中的阻力、负面情绪、外部威胁。"
值符,伤,"变动、损失与冲动

传统象意：“值符伤门卦象阴，险途不测莫寻人。如问居家多不利，换庄移家须急论。”

o
核心内涵：值符临伤门，预示着变动、伤害和损失，事情进展不顺利，存在未知的危险。居家不安宁，可能需要搬迁或改变现状。
o

现代语境拓展：

o
投资决策：警示高风险投资、财产损失、意外开支。可能涉及市场波动、资金链断裂、意外事故导致的损失。
o
o
交通出行：预示着旅途不顺、交通意外、或行程受阻。适用于交通安全预警、物流运输风险评估。
o
o
家庭关系：家庭成员之间可能出现争吵、冲突、甚至伤害，导致家庭氛围紧张，或需考虑异地居住、家庭结构调整。
o
o
职业发展：可能面临裁员、降职、职业变动或意外伤害。
o

训练要点：强调“险途不测”、“多不利”、“换庄移家”中的不确定性、损失和变动。"
值符,惊,"口舌、争议与子女问题

传统象意：“符惊相会两难晴，天盘逢英利出行。惊虚多因子女起，交易败于露言行。”

o
核心内涵：值符临惊门，预示着事情充满争议、口舌是非，难以平静。可能因为子女问题引发忧虑，交易或谈判易因言语不慎而失败。
o

现代语境拓展：

o
法律诉讼：暗示法律纠纷、官司缠身、合同争议，且可能因言辞不当或证据不足而败诉。适用于律师行业对案件风险的评估。
o
o
公共关系：可能引发舆论危机、媒体争议、负面新闻，且与言论、信息传播有关。
o
o
家庭教育：父母与子女之间存在沟通障碍、教育理念冲突，或子女出现行为问题引发家庭困扰。
o
o
商业谈判：警示信息泄露、谈判破裂、口头承诺无法兑现的风险。
o

训练要点：关注“两难晴”、“惊虚多因子女起”、“交易败于露言行”中的争议、言语失误、以及子女相关的压力。"
值符,生,"生机、财富与喜事

传统象意：“符会生门两相宜，兄弟二人悦财喜。文书应侯逢酒色，禄马相逢定不移。”

o
核心内涵：值符临生门，预示着生机勃勃、财源广进，事事顺利。兄弟朋友和睦相处，共同分享财富和喜悦。有文件、文书上的好消息，并有宴饮、庆祝之事。
o

现代语境拓展：

o
商业发展：预示着投资成功、项目启动顺利、商业合作达成、资金回笼、利润增长。适用于创业、融资、市场拓展等。
o
o
个人财富：可能获得意外之财、加薪升职、奖金福利、或通过合伙经营获得收益。
o
o
家庭关系：家庭添丁进口（胎孕），或家庭成员间关系融洽，共同庆祝喜事。
o
o
职业晋升：在事业上得到贵人提拔，职位晋升，获得实权和丰厚回报。
o

训练要点：强调“两相宜”、“悦财喜”、“禄马相逢”中的积极结果、财富增长和顺利发展。"
值符,休,"安逸、财运与情感

传统象意：“符会休兮昼见晴，时有财帛到门庭。壮汉携妇并见齐，虚情假意辩详情。”

o
核心内涵：值符临休门，预示着休养生息、安逸平静，财富会自然到来。可能涉及男女关系，其中存在虚情假意，需要辨别真伪。
o

现代语境拓展：

o
生活状态：表示生活安稳舒适、财务状况良好、享受闲暇时光。适用于退休规划、度假安排。
o
o
财富管理：暗示被动收入、稳定分红、或通过不急不躁的方式获得财富。但需警惕财务陷阱或虚假投资信息。
o
o
情感关系：可能出现新的感情机会或已有关系进入稳定期，但需注意辨别对方的真实意图，避免被虚情假意所蒙蔽。
o
o
人际交往：社交场合融洽，但可能存在表面客套、不真诚的友谊。
o

训练要点：关注“昼见晴”、“财帛到门庭”中的安逸、财富，以及“虚情假意辩详情”中的情感陷阱、辨别真伪。"
值符,开,"机遇、事业与领导

传统象意：“值符开门两相排，相约不见有人来。空谈几多虚空事，捕贼需求术士猜。”

o
核心内涵：值符临开门，本应是事业有成、机会大开之象，但这里却出现了“相约不见”、“空谈虚空事”的反常情况。暗示事情可能流于形式，缺乏实质进展，甚至在寻找解决之道时，需要借助非传统手段。
o

现代语境拓展：

o
职业发展：虽然有晋升或创业的机会，但可能进展缓慢、空有其名，或遇到关键人物的缺席。适用于职业瓶颈、求职失败的分析。
o
o
商业合作：谈判可能流于表面、缺乏实质性进展，双方无法达成共识或关键方未出现。
o
o
信息获取：在寻求解决方案或线索时，发现信息不足，需要深入调查或借助专业人士（如咨询师、数据分析师）来推断。
o
o
领导力评估：领导者可能空有职权，但无法有效推动工作，或在关键时刻缺位。
o

训练要点：强调“两相排”、“不见有人来”、“空谈几多虚空事”中的虚假繁荣、执行力不足和信息匮乏，以及“捕贼需求术士猜”中的寻求专业协助。"
螣蛇,杜,"隐蔽的危险与信息失真
传统象意：“蛇遇杜兮莫捕贼，贼已远去不可追。仪见戊己官司起，不见天蓬不息宁。”

核心内涵：螣蛇的虚诈与杜门的隐蔽结合，形成了一种难以捉摸、已经发生但难以追查的负面情境（“贼已远去不可追”）。若再遇特定天干（戊己），可能引发官司诉讼；若无天蓬星制约，则不安宁。强调了隐蔽的欺诈、信息的不透明和追查的困难。

现代语境拓展：

信息安全与网络犯罪：表示网络诈骗、数据窃取、黑客攻击等行为发生后，追踪困难，难以溯源。可能涉及匿名交易、境外服务器、加密通信等技术手段，使得调查陷入僵局。适用于网络安全预警、数据泄露分析。

商业竞争与知识产权：暗示商业间谍、技术盗窃、核心机密外泄，且泄密者已销声匿迹，难以追责。可能导致企业重大损失，且维权困难。

人际关系与情感欺骗：指对方刻意隐瞒真相，进行欺骗，待发现时已无力挽回。如感情诈骗、背叛行为被掩盖，当事人事后发现却无法追究或难以平复。

LLM训练要点：强调“莫捕贼”、“不可追”中的溯源困难、信息闭塞，以及“官司起”中的潜在法律风险。训练LLM识别描述网络犯罪、隐秘行动、失联、欺瞒的文本模式。"
螣蛇,景,"虚假宣传与突发危机
传统象意：“蛇遇景兮远信来，火光惊忧惧官灾。路遇矮人并雀叫，少报喜来多报灾。”

核心内涵：螣蛇的惊疑不定与景门的火光、文书结合，预示远方传来消息，但多为虚假或令人担忧（“少报喜来多报灾”）。火光也暗示突发事件或灾祸，可能引发官司诉讼。

现代语境拓展：

媒体与舆情管理：暗示虚假新闻、谣言传播、网络暴力事件的发生，消息来源不明或具有误导性。可能引发品牌危机、公众恐慌，甚至导致法律纠纷。适用于舆情监控、危机公关。

商业风险与市场波动：预示市场传闻、内幕消息不实，导致投资失误。可能伴随突发的市场震荡、股价异常波动。

个人生活：收到远方亲友的坏消息，或因信息不实而引发担忧。可能因言语误会或流言蜚语导致与人争执甚至官司。

LLM训练要点：聚焦“远信来”、“火光惊忧”、“少报喜来多报灾”中的信息失真、突发性事件、负面情绪传播。训练LLM识别谣言、虚假信息、警示性新闻等文本。
"
螣蛇,死,"病态缠绕与精神困境
传统象意：“蛇会死兮病面容，居家有人外逃行。灶上炊烟断已久，铁器时时自发声。”

核心内涵：螣蛇的缠绕、怪异与死门的死寂、终结结合，暗示着疾病缠身、面容憔悴（“病面容”）。家庭成员可能离散（“居家有人外逃行”），生活陷入困境（“灶上炊烟断已久”），甚至有不祥之兆（“铁器时时自发声”）。

现代语境拓展：

心理健康与精神疾病：反映当事人可能被焦虑、抑郁、强迫症等心理问题长期困扰，精神状态不佳。也可能暗示家庭中存在精神疾病患者或长期压抑，导致家庭功能失调。

家庭破裂与离散：暗示家庭关系濒临破裂，成员因各种原因（如债务、矛盾、精神问题）选择逃离或长期分居。

企业困境与衰败：企业面临长期亏损、生产停滞、人才流失，预示着破产或倒闭的风险。

LLM训练要点：强调“病面容”、“外逃行”、“炊烟断已久”中的病态、衰败、离散、长期困境。训练LLM识别描述心理疾病、家庭问题、企业破产等文本。
"
螣蛇,伤,"意外伤害与激烈冲突
传统象意：“蛇遇伤兮飓风狂，门上不安有纷张。阴人于家多邪事，盗心不息恶名扬。”

核心内涵：螣蛇的虚诈、惊恐与伤门的伤害、变动结合，预示突如其来的剧烈变故（“飓风狂”），家庭不安宁，有阴暗势力作祟。可能发生盗窃或声誉受损。

现代语境拓展：

安全风险与事故：暗示可能发生意外伤害、交通事故、暴力冲突、入室盗窃等。由于螣蛇的特性，可能涉及人为破坏、蓄意陷害。

人际冲突与名誉受损：指因谣言、诽谤、恶意竞争导致个人或组织的声誉严重受损。

商业纠纷与恶意竞争：企业可能遭遇商业欺诈、恶意收购、产品被仿冒等，导致重大损失。

家庭暴力或不法行为：家庭内部存在争吵、暴力行为或成员从事不法活动。

LLM训练要点：聚焦“飓风狂”、“不安有纷张”、“盗心不息”中的突发性、破坏性、恶意行为。训练LLM识别暴力、事故、诽谤、犯罪等文本。
"
螣蛇,惊,"惊门：暧昧关系与法律纠纷
传统象意：“蛇会惊兮阴私多，遇己方才凑三合。不然多生暧昧事，桃花从中起风波。”

核心内涵：螣蛇的缠绕、多变与惊门的口舌、惊恐结合，预示着私密事件、八卦传闻甚多。若逢特定条件，则可能平息，否则将引发情感纠葛和是非。

现代语境拓展：

情感纠纷与桃色新闻：暗示婚外情、多角恋、不正当关系被曝光，引发舆论哗然。可能导致名誉受损、家庭破裂、甚至法律诉讼。

商业秘密与职场八卦：指企业内部或职场中存在不为人知的秘密、不正当交易、或涉及个人隐私的传闻，影响组织氛围。

法律诉讼与道德争议：可能涉及因个人私事、情感纠葛引发的法律纠纷（如离婚、财产分割），且案件本身可能具有较高的道德争议性。

LLM训练要点：强调“阴私多”、“暧昧事”、“桃花从中起风波”中的隐私、秘密、情感纠葛、争议。训练LLM识别绯闻、私生活曝光、感情纠纷、道德审判等文本。
"
螣蛇,生,"诡异的机遇与暗藏的风险
传统象意：“蛇会生兮两相刑，来人必定有威名。遇奇方知贤人至，见英可断讼事兴。”

核心内涵：螣蛇的虚诈与生门的生发、财富结合，虽然吉利，但也有“相刑”之意，预示着一种伴随风险的机遇。来人可能具有威望，但其出现可能与解决某种困境或引发诉讼有关。

现代语境拓展：

商业投资与风险投资：暗示高风险高回报的投资机会，但其中可能存在合同陷阱、合伙人关系复杂、或盈利模式不确定等问题。

新兴技术与颠覆性创新：可能预示着具有巨大潜力的新技术、新商业模式，但也可能伴随伦理争议、法律空白、市场波动等风险。

人才引进与合作：引进的“贤人”或合作伙伴能力出众，但其背景或行事风格可能存在争议或带来新的问题。

法律诉讼：在诉讼中出现关键证人或证据，可能扭转局势，但过程复杂且伴随不确定性。

LLM训练要点：聚焦“两相刑”、“有威名”、“讼事兴”中的矛盾、机遇与风险并存、潜在的法律问题。训练LLM识别创新风险、复杂合作、争议性成功等文本。
"
螣蛇,休,"暗流涌动与情感困扰
传统象意：“蛇会休兮晴见少，妇人有灾是非忧。问病多是眼目疾，近水河边难匿逃。”

核心内涵：螣蛇的缠绕与休门的安逸、休息结合，预示表面平静但暗流涌动，难以真正安宁。女性可能遭遇灾祸或口舌是非，疾病多与眼睛相关，且与水域相关的事物难以逃避。

现代语境拓展：

家庭矛盾与女性健康：暗示家庭内部存在隐性矛盾、长期未解决的问题，特别是女性成员可能面临情感困扰、健康问题（如眼部疾病）或人际是非。

财务隐忧与流动性风险：表面上财务状况稳定，但可能存在隐形债务、资金链紧张或不为人知的财务黑洞。

隐秘的危害：可能与水体污染、环境问题相关，或指难以察觉的威胁，一旦爆发将难以躲避。

LLM训练要点：强调“晴见少”、“妇人有灾是非忧”、“难匿逃”中的平静下的暗涌、女性相关的困境、无法逃避的风险。训练LLM识别隐性问题、长期困扰、潜在危机等文本。
"
螣蛇,开,"虚假承诺与迷信陷阱
传统象意：“蛇遇开兮祀神坛，路遇常是妄论仙。不然多遭小人戏，时结冤仇夜难眠。”

核心内涵：螣蛇的虚诈、怪异与开门的事业、开创结合，预示表面上涉及宗教、信仰或光明之事，但实则多有虚假宣传、言过其实。容易遭遇小人蒙骗或戏弄，甚至因此结下冤仇，导致不安宁。

现代语境拓展：

诈骗与虚假宣传：暗示传销、非法集资、伪科学、虚假养生、迷信活动等，以“开创事业”、“信仰提升”为名进行欺骗。

商业欺诈与虚假承诺：企业或个人以不切实际的宏伟蓝图、虚假项目吸引投资，最终导致受骗者损失惨重。

个人信仰与心理健康：盲目相信某种“大师”或“神灵”，导致精神或财产受损，甚至陷入更深的心理困境。

LLM训练要点：聚焦“祀神坛”、“妄论仙”、“小人戏”、“结冤仇”中的欺骗、迷信、虚假宣传、负面人际关系。训练LLM识别诈骗、邪教、虚假承诺、信誉危机等文本。"
太阴,杜,"隐秘的阻碍与行动迟滞
传统象意：“太阴杜兮恶人斯，事事难成又主迟。行兵受阻水难渡，金石之物带怀中。”

核心内涵：太阴的隐秘与杜门的阻碍结合，预示着暗中存在恶人作祟或隐秘的阻力，导致事态发展缓慢，难以成功。行动受阻，甚至难以跨越障碍（“水难渡”）。暗示私藏重要物品或信息。

现代语境拓展：

项目管理与执行：表示项目推进缓慢，表面无明显问题，但实际存在隐形阻力、内部协调不畅或关键信息未公开。可能遭遇暗箱操作、拖延战术或核心资源被暗中截留。

人际关系与信任危机：在亲密关系或团队协作中，存在不信任、秘密隐瞒，导致沟通不畅，关系停滞。可能有人私藏证据或关键信息。

信息安全与数据访问：关键数据或信息被加密、隐藏或访问权限受阻，难以获取。可能涉及内部泄密、数据劫持等风险。

LLM训练要点：强调“事事难成又主迟”、“行兵受阻”中的迟滞、阻碍，以及“恶人斯”、“金石之物带怀中”中的隐秘的负面影响和私藏。训练LLM识别描述内部阻力、秘密行动、进展缓慢的文本模式。
"
太阴,景,"隐秘的争执与口舌是非
传统象意：“太阴临景主喧争，官司阴私口舌频。刑讼牢狱多愁事，风波阵阵几时停。”

核心内涵：太阴的私密与景门的口舌、文书结合，预示着私下里存在争执、口舌是非，并可能演变为官司诉讼。困扰多来自隐秘的纠纷，难以平息。

现代语境拓展：

法律纠纷与知识产权：暗示私下协议引发争议、合同条款模糊导致纠纷，或涉及版权侵权、名誉诽谤等隐秘的法律问题。可能最终走向诉讼。

舆情危机与品牌声誉：企业或个人面临幕后推手操纵的负面舆论、匿名举报，导致声誉受损。

情感纠葛与家庭矛盾：夫妻或家庭成员间存在秘密争吵、冷战、或涉及第三方的私密纠纷，矛盾难以公开解决。

LLM训练要点：聚焦“喧争”、“阴私口舌频”、“刑讼牢狱”中的争议、私密性、法律风险。训练LLM识别匿名举报、隐形诉讼、后台争斗、情感纠葛等文本。"
太阴,死,"死门：幕后求财与隐秘的终结
传统象意：“太阴死兮欲谋财，和合婚姻求祝谋。八里可见三孝子，金银财帛藏于怀。”

核心内涵：太阴的隐秘与死门的终结、固定结合，预示着在暗中谋求不义之财或进行秘密交易。可能涉及非法婚姻、求神拜佛等行为。同时也指财富被秘密收藏。

现代语境拓展：

非法交易与灰色收入：暗示地下交易、走私、洗钱、贪污受贿等非法或不道德的求财方式。

秘密遗产与财产分割：可能涉及隐藏的遗产、家族秘密财产、或遗嘱纠纷。

婚恋关系与秘密终结：指秘密分手、隐秘的离婚过程，或在幕后进行婚姻交易。也可能暗示秘密求子、求婚姻。

LLM训练要点：强调“欲谋财”、“和合婚姻求祝谋”中的暗中求取，以及“金银财帛藏于怀”中的秘密隐藏。训练LLM识别秘密交易、非法所得、隐藏资产、私密分手等文本。"
太阴,伤,"隐秘的伤害与逃逸
传统象意：“太阴会伤暗阴和，女子阴私盗贼多。追捕逃亡亦无功，先喜后忧终无措。”

核心内涵：太阴的阴私与伤门的伤害、变动结合，预示着暗中存在伤害、阴谋或盗窃。女性可能涉及隐私问题，追捕逃犯难以成功，事情初期看似顺利，最终却陷入困境。

现代语境拓展：

信息泄露与网络攻击：暗示后台数据被窃取、个人隐私被泄露，且难以追踪攻击者。可能涉及网络钓鱼、间谍软件等。

内部犯罪与职务侵占：企业内部发生盗窃、贪污、舞弊等行为，且犯罪分子善于隐藏，难以追查。

家庭暴力与情感伤害：家庭中存在隐形的暴力或精神虐待，受害者难以摆脱或求助无门。

LLM训练要点：聚焦“暗阴和”、“女子阴私盗贼多”、“追捕逃亡亦无功”中的隐秘伤害、难追查、私密性。训练LLM识别内部盗窃、数据泄露、难以追溯的犯罪、秘密伤害等文本。"
太阴,惊,"暗中策划与意外收获
传统象意：“太阴惊兮甘雨降，进兵征战必有功。占事民亡谋计好，刀还钱物镜中晴。”

核心内涵：太阴的暗助与惊门的口舌、惊恐结合，反而带来出人意料的转机和成功（“甘雨降”、“必有功”）。在隐秘的谋划下，事情进展顺利，甚至能收回损失。

现代语境拓展：

秘密谈判与成功收购：在不为人知的幕后操作、秘密谈判后，成功达成有利的商业合作或兼并收购，获得意想不到的收益。

危机公关与名誉修复：通过暗中斡旋、巧妙公关，成功化解负面舆情，甚至扭转公众形象，实现“反败为胜”。

法律诉讼与证据反转：在看似不利的法律案件中，暗中收集到关键证据，或有贵人相助，最终获得胜诉，追回损失。

LLM训练要点：强调“甘雨降”、“必有功”、“谋计好”、“刀还钱物”中的意外转机、秘密成功、损失弥补。训练LLM识别幕后交易、绝地反击、暗中得利、化解危机等文本。"
太阴,生,"文字陷阱与财富损耗
传统象意：“太阴临生文字交，财帛金银有虚耗。天雨逢伐路边树，行兵败北损财宝。”

核心内涵：太阴的隐秘与生门的生发、财富结合，预示着因文字协议、书面文件中的隐患，导致财富的损失或虚耗。可能因外部干预（“天雨逢伐”）而导致项目失败、财产受损。

现代语境拓展：

合同纠纷与财务漏洞：签署存在隐形条款、文字漏洞的合同，导致后期财务损失。可能涉及投资协议、合作条款中的不公平内容。

内部贪腐与资金流失：企业内部因财务管理不善、暗箱操作导致资金流失、资产虚耗。

投资失败与项目亏损：投资项目看似有生机，但因隐藏的风险或决策失误导致巨大亏损。

LLM训练要点：聚焦“文字交”、“财帛金银有虚耗”、“行兵败北损财宝”中的书面风险、财务损失、行动失败。训练LLM识别合同陷阱、财务审计问题、亏损项目等文本。"
太阴,休,"秘密盗窃与隐性危机
传统象意：“太阴临休天长阴，忧失财产盗贼临。相邻欺侮文字匿，文士阴谋将丙侵。”

核心内涵：太阴的隐秘与休门的安逸、休息结合，预示着表面平静下隐藏着财产损失的风险。可能有盗贼暗中窥伺，或邻里之间存在欺诈行为。文人可能进行暗中策划或侵犯他人权益。

现代语境拓展：

家庭财产安全：家中有贵重物品被盗、或财务被秘密挪用的风险。可能与家政人员或熟人有关。

商业秘密泄露与不正当竞争：企业商业机密被窃取、客户信息被盗用，或遭遇恶意举报、知识产权侵权等。

心理健康与隐形压力：当事人可能表面无恙，但内心承受巨大压力或隐秘的焦虑，导致精神状态不稳定。

LLM训练要点：强调“忧失财产盗贼临”、“文字匿”、“文士阴谋将丙侵”中的财产风险、隐秘欺诈、幕后操作。训练LLM识别内部犯罪、秘密窃取、隐私侵犯等文本。

"
太阴,开,"隐秘的机遇与潜在威胁
传统象意：“太阴开兮远行人，居家恐被贼兵惊。天空晴朗兵可进，凶死龙虎石金形。”

核心内涵：太阴的隐秘与开门的事业、开创结合，预示着远程的机遇，但也要警惕潜在的威胁（“居家恐被贼兵惊”）。在有利条件下可以行动，但过程中可能遭遇危险。

现代语境拓展：

海外拓展与国际合作：企业在海外市场发现新机会，但需警惕当地政治风险、文化冲突、或潜在的商业诈骗。

投资创业与新领域探索：进入新兴行业或陌生领域，虽然有前景，但可能面临不确定性风险、激烈竞争或外部冲击。

个人发展与异地求职：在异地找到发展机会，但可能面临人身安全、生活适应、或潜在欺诈等问题。

LLM训练要点：聚焦“远行人”、“居家恐被贼兵惊”、“凶死龙虎石金形”中的机遇与风险并存、潜在的危险、外部威胁。训练LLM识别国际化风险、创业挑战、异地安全等文本。"
六合,杜,"契约、隐秘与逃逸

* **传统象意**：“六合杜兮契约交，争讼阴私六畜逃。立将家忧三九日，九地天伏利出兵。”
    * **核心内涵**：六合的契约与杜门的隐蔽结合，预示着**秘密的协议或交易**。可能引发**争执、阴私和财产损失**（如牲畜逃逸）。家庭可能面临短期困扰，但在特定隐蔽条件下，有利于军事行动。
* **现代语境拓展**：
    * **商业与法律**：暗示**秘密合同、非公开协议**的签订，其中可能存在**隐藏条款或潜在纠纷**。例如，并购协议中的保密条款，或涉及敏感信息的合作，但可能伴随**商业机密泄露、内部人员舞弊**。
    * **信息安全与网络犯罪**：可能指**黑客之间的秘密协作、信息贩卖的地下交易**，或数据泄露后难以追溯的协议。
    * **婚姻与家庭**：可能涉及**秘密婚姻、隐婚、或婚外情**导致的家庭矛盾和财产纠纷。
* **LLM训练要点**：强调“契约交”、“争讼阴私”中的**秘密协议、潜在争议**，以及“六畜逃”中的**财产损失或资源流失**。训练LLM识别描述**秘密交易、保密协议、隐形损失**的文本模式。
"
六合,景,"
* **传统象意**：“六合景兮天有雷，三人同心擒贼人。颜色赤红斑斓物，出行多厄不顺心。”
    * **核心内涵**：六合的结合与景门的火光、文书结合，预示着**多方合作**（“三人同心”）以解决问题，但过程可能伴随**突发冲突**（“天有雷”）或传播性事件。出行不顺利，可能遭遇意外。
* **现代语境拓展**：
    * **团队协作与危机公关**：多部门或多机构**联合应对危机**，如应对突发舆情、处理紧急事故。虽然合作有成效，但可能伴随**激烈的内部讨论、外部批评或传播风险**。
    * **媒体与艺术**：指**多媒体合作、联合创作**产生轰动效应的作品，但也可能因**言论争议、审美冲突**而引发不顺。
    * **法律诉讼与联合维权**：多位受害者或律师**联合提起诉讼**，以争取权益，但诉讼过程可能充满波折和不确定性。
* **LLM训练要点**：聚焦“三人同心擒贼人”中的**合作解决问题**，以及“天有雷”、“出行多厄不顺心”中的**突发性、不确定性、外部阻碍**。训练LLM识别**联合行动、集体诉讼、突发事件报道**等文本。
"
六合,死,"宴请、喜庆与潜在的结束

* **传统象意**：“六合死兮和会亲，酒宴钱谷会相邻。谋求诸事多欢畅，多顺少逆好天时。”
    * **核心内涵**：六合的和谐与死门的固定、结束结合，呈现出一种矛盾的象意：表面上**人际关系和睦、欢宴不断、财务顺利**，但“死门”也可能暗示着某种**阶段性成果的达成**（结束一个旧阶段，进入新阶段），或者**在和睦下隐藏着潜在的终结**。
* **现代语境拓展**：
    * **商业合作与庆功宴**：企业成功完成一个项目或达成合作，举行庆功宴，财务状况良好。但可能也意味着**项目周期的结束，需重新规划**。
    * **家庭团聚与遗产分配**：家族聚会，表面和乐融融，但可能涉及**长辈去世后的遗产分配**，或旧有矛盾的结束与新关系的开始。
    * **法律和解与赔偿**：在法律纠纷中达成和解，获得赔偿，过程顺利，但意味着纠纷的彻底结束。
* **LLM训练要点**：强调“和会亲”、“酒宴钱谷会相邻”、“多欢畅”中的**和谐、财富、喜庆**，以及“死兮”可能隐含的**阶段性结束、圆满终结**。训练LLM识别**庆典、和解、财务结算、圆满落幕**等文本。
"
六合,伤,"合作中的冲突与意外

* **传统象意**：“六合伤兮风雨疾，事故起于西南禺。高山峻岭有骑兵，将防火灾客酒色。”
    * **核心内涵**：六合的结合与伤门的伤害、变动结合，预示着**合作或关系中出现突发变故和伤害**（“风雨疾”）。事故可能发生于特定方位（西南），且可能涉及**军事冲突、火灾或因酒色引起的麻烦**。
* **现代语境拓展**：
    * **商业合作破裂与并购纠纷**：企业合作过程中因**利益冲突、意外事故或决策失误**导致项目受损，甚至合作破裂。可能涉及**内部权力斗争、财产损失**。
    * **交通事故与意外伤害**：可能与**集体出行、团建活动中发生的事故**有关，特别是发生在特定地理区域的灾难。
    * **人际关系破裂**：朋友或夫妻之间因**剧烈争吵、背叛或不良嗜好**导致关系遭受严重伤害。
* **LLM训练要点**：聚焦“风雨疾”、“事故起”、“将防火灾客酒色”中的**突发性、破坏性、负面事件（尤其与酒色、冲突相关）**。训练LLM识别**合作纠纷、意外事故、集体伤害、丑闻**等文本。"
六合,惊,"合作中的虚假与欺骗

* **传统象意**：“六合会惊大旱生，成就交关多虚诈。城中空兮伏兵悍，破关徙河防被捉。”
    * **核心内涵**：六合的结合与惊门的口舌、惊恐结合，预示着**合作或交易中存在大量虚假和欺骗**（“多虚诈”）。表面上平静（“城中空”），实则暗藏危险（“伏兵悍”），若不谨慎，可能陷入困境。
* **现代语境拓展**：
    * **商业诈骗与投资陷阱**：涉及**虚假项目、庞氏骗局、伪造合同**等，以合作或高回报为诱饵进行欺诈。
    * **信息战与舆论操控**：通过**联合制造假新闻、散布谣言**来操纵市场或公共舆论，掩盖真实意图。
    * **法律诉讼与虚假证词**：诉讼中出现**虚假证据、伪证、或当事人合谋欺骗法庭**的情况。
* **LLM训练要点**：强调“大旱生”、“多虚诈”、“伏兵悍”中的**虚假、欺骗、潜在威胁**。训练LLM识别**诈骗、虚假宣传、内部勾结、信息陷阱**等文本。"
六合,生,"合作、拓展与新居

* **传统象意**：“六合生兮雷无雨，守战皆宜西南地。艰难险阻消除尽，更宜上梁盖新居。”
    * **核心内涵**：六合的合作与生门的生发、财富结合，预示着**合作带来生机、克服困难**。虽然雷声大但无雨，可能指声势浩大但实质成果来得不易，但最终能够消除障碍，适合**建设新项目或新居**。
* **现代语境拓展**：
    * **房地产开发与城市建设**：多方合作开发新项目，如**建设新楼盘、产业园区**，虽然有前期困难，但最终能顺利完成。
    * **创业与合伙经营**：团队共同创业，克服重重困难，最终**业务拓展、财务增长**。
    * **家庭新生与改善居住**：家庭成员共同努力，购买新房、装修或改善居住环境。
* **LLM训练要点**：聚焦“雷无雨”、“艰难险阻消除尽”、“上梁盖新居”中的**初期挑战、最终成功、建设与发展**。训练LLM识别**房地产项目、创业成功、家庭建设**等文本。"
六合,休,"关系僵局与寻求无果

* **传统象意**：“六合休兮寻人难，求物投参事亦然。行兵水阻贤人至，求谋不成事不遂。”
    * **核心内涵**：六合的结合与休门的安逸、休息结合，预示着**关系或合作陷入停滞、难以突破**。寻人、求物、投靠等均不顺利。行动受阻（“水阻”），虽有贵人（“贤人至”），但求谋仍难成功。
* **现代语境拓展**：
    * **商业合作停滞与瓶颈**：双方合作进展缓慢，**沟通不畅、关键问题无法解决**，导致项目搁置或失败。
    * **法律调解与和解困难**：在纠纷调解中，双方虽有接触，但**难以达成共识，陷入僵局**。
    * **人际关系僵化**：朋友、亲人之间出现隔阂，**难以修复关系，或无法找到失联的人**。
    * **资源获取障碍**：在寻求特定资源、资金或人才时，遭遇重重阻碍，难以如愿。
* **LLM训练要点**：强调“寻人难”、“求物投参事亦然”、“求谋不成事不遂”中的**难以成功、停滞、障碍**。训练LLM识别**谈判僵局、关系冷淡、资源瓶颈、调解失败**等文本。

"
六合,开,"合作、机遇与法律风险

* **传统象意**：“六合开兮雷电生，捕贼官司囚禁身。百人可阻万人路，四时宜守不宜攻。”
    * **核心内涵**：六合的结合与开门的事业、开创结合，预示着**机遇的出现**，但同时伴随**剧烈冲突和法律风险**（“雷电生”、“捕贼官司囚禁身”）。力量悬殊（“百人可阻万人路”），策略上宜守不宜攻。
* **现代语境拓展**：
    * **商业竞争与法律诉讼**：企业在**市场扩张或寻求新机遇**时，可能遭遇**激烈的竞争对手，引发反垄断调查、不正当竞争诉讼**，甚至导致负责人被捕。
    * **政治斗争与权力博弈**：权力集团内部或不同派系之间发生**激烈冲突**，可能导致**政治献金调查、腐败案件**。
    * **国际关系与军事冲突**：国家间在**贸易开放、资源开发**等领域出现合作机会，但伴随**军事摩擦、外交争端**，甚至边境冲突，应以防御为主。
* **LLM训练要点**：聚焦“雷电生”、“捕贼官司囚禁身”、“百人可阻万人路”中的**突发冲突、法律风险、力量悬殊、防御策略**。训练LLM识别**商业诉讼、政治丑闻、国际争端、防御策略**等文本。"
白虎,杜,"隐秘的死亡与谨慎的求谋

* **传统象意**：“白虎加杜必死亡，六畜相争坟道桑。五里逢人相斗讼，求谋谨慎莫轻信。”
    * **核心内涵**：白虎的凶猛与杜门的隐蔽结合，预示着**死亡或重大损失**。可能涉及**财产纠纷、墓地或土地相关争议**。在五里范围内可能遇到争执甚至法律诉讼。强调在谋求任何事情时都需**极度谨慎，切勿轻信他人**。
* **现代语境拓展**：
    * **法律与遗产纠纷**：暗示可能涉及**遗产争夺、土地所有权争议**，甚至引发**谋杀案或死亡相关诉讼**。
    * **商业并购与隐形风险**：在商业并购中存在**致命的隐藏风险、被收购方资产的严重贬值或业务无法整合**，导致公司“死亡”。需要对财务和法律文件进行极致的尽职调查。
    * **信息安全与网络攻击**：可能预示着**隐秘的网络攻击或病毒，一旦爆发将导致系统崩溃、数据永久丢失**。提醒用户对网络安全保持高度警惕，不轻信不明信息。
    * **健康与疾病**：暗示**潜在的致命疾病或慢性病被掩盖**，一旦发现可能为时已晚。
* **LLM训练要点**：强调“必死亡”、“六畜相争坟道桑”、“相斗讼”中的**终结、争夺、法律冲突**，以及“求谋谨慎莫轻信”中的**风险警示和谨慎原则**。训练LLM识别描述**致命风险、遗产纠纷、隐秘威胁、谨慎决策**的文本模式。"
白虎,景,"凶兆、官灾与居家不安

* **传统象意**：“白虎加景凶孝事，官灾病患宅难居。事多反复防女色，求谋做事北方宜。”
    * **核心内涵**：白虎的凶煞与景门的火光、文书结合，预示着**丧事或不幸**。可能遭遇**官司、疾病**，导致居住环境不安宁。事情多有反复，需警惕女性相关的麻烦。若有谋划，宜选择北方。
* **现代语境拓展**：
    * **法律与社会事件**：可能涉及**突发的法律诉讼、刑事案件**，甚至因公共事件引发**群体性恐慌或社会动荡**。
    * **健康与居住环境**：暗示**突发急病、传染病**，或居住的房屋存在**结构性问题、火灾隐患**，导致居住不安。可能涉及**房屋买卖纠纷、物业冲突**。
    * **人际关系与情感纠纷**：需警惕因**女性（或情感对象）引起的麻烦、争执**，可能导致名誉受损或情感破裂。
    * **商业风险与品牌危机**：企业可能遭遇**突发公共关系危机、产品质量问题被曝光**，导致市场信心动摇，甚至引发**政府调查或集体诉讼**。
* **LLM训练要点**：聚焦“凶孝事”、“官灾病患”、“宅难居”、“事多反复防女色”中的**负面事件、法律与健康风险、反复性、人际警示**。训练LLM识别**突发事件、诉讼风险、疾病爆发、居住问题**等文本。
"
白虎,死,"孤立无援与疾病缠身

* **传统象意**：“白虎死兮主孤军，竞妇争婚病难痊。行人须防贼来偷，灾星频频忧患缠。”
    * **核心内涵**：白虎的凶煞与死门的终结、固定结合，预示着**孤立无援、陷入绝境**。可能涉及**婚姻竞争、感情纠葛**，疾病难以痊愈。出行者需防盗窃，且灾祸连连，忧患缠身。
* **现代语境拓展**：
    * **个人困境与心理健康**：当事人可能感到**被社会孤立、陷入绝境**，长期遭受心理困扰，难以自拔。
    * **医疗与健康**：暗示**顽固性疾病、绝症**，治疗效果不佳。可能涉及**医疗事故、误诊**。
    * **安全与犯罪**：出行或居家时需警惕**盗窃、抢劫**等犯罪行为，可能遭遇人身或财产损失。
    * **职场竞争与失业**：在职场中可能被**排挤、孤立**，或面临失业风险，导致财务和精神困扰。
* **LLM训练要点**：强调“主孤军”、“病难痊”、“贼来偷”、“忧患缠”中的**孤立无援、疾病困扰、外部威胁、持续性危机**。训练LLM识别**绝境、顽疾、盗窃、精神困扰**等文本。"
白虎,伤,"严重伤亡与严厉应对

* **传统象意**：“白虎伤兮死伤起，人口不知休门己。官司贼人杀伤害，遇事严厉莫宽容。”
    * **核心内涵**：白虎的刚猛与伤门的伤害、变动结合，预示着**严重的伤亡或损失**。可能涉及**暴力事件、刑事案件、官司诉讼、盗窃、甚至谋杀**。强调在应对此类事件时必须采取**严厉、果断的措施，不可姑息**。
* **现代语境拓展**：
    * **刑事司法与公共安全**：可能发生**群体性暴力事件、重大交通事故、工业安全事故**，导致人员伤亡。需要**司法机关严厉打击犯罪，不留情面**。
    * **商业竞争与恶意打击**：企业可能遭遇**恶性竞争、商业诽谤、甚至人身攻击**，导致市场份额或声誉严重受损。需要采取**强硬的法律手段进行反击**。
    * **个人防护与自卫**：在面对威胁时，需要**采取坚决的自卫措施**，不给对方可乘之机。
* **LLM训练要点**：聚焦“死伤起”、“杀伤害”、“严厉莫宽容”中的**严重后果、暴力性、果断处理**。训练LLM识别**犯罪、事故、暴力、严惩**等文本。
"
白虎,惊,"险象环生与未明之灾

* **传统象意**：“白虎加惊有异云，行兵有险不可进。伤亡病死忧愁事，暗昧不明有灾殃。”
    * **核心内涵**：白虎的凶煞与惊门的口舌、惊恐结合，预示着**险情重重，情况不明**（“异云”、“暗昧不明”）。不宜冒进，可能导致**伤亡、疾病**等不幸事件。灾祸隐藏在不明确的因素中。
* **现代语境拓展**：
    * **风险评估与预警**：在进行投资、项目决策或出行时，存在**巨大且不明朗的风险**，不宜草率行动。可能涉及**黑天鹅事件、突发地缘政治风险**。
    * **公共卫生与未知疫情**：可能出现**不明原因的疾病爆发、环境污染事件**，导致人群恐慌和健康威胁。
    * **信息战与谣言**：可能存在**大量虚假信息、流言蜚语**，导致公众恐慌和误判，影响社会稳定。
* **LLM训练要点**：强调“有异云”、“有险不可进”、“暗昧不明有灾殃”中的**不确定性、危险性、潜在危机**。训练LLM识别**高风险警示、未知威胁、信息模糊**等文本。"
白虎,生,"杀伐与求财的矛盾

* **传统象意**：“白虎临生主杀伤，远行凶死病须亡。求谋在天莫强取，行兵险阻防火攻。”
    * **核心内涵**：白虎的杀伐与生门的生发、财富结合，形成一种矛盾的象意：**求财或生机往往伴随着巨大的牺牲和风险**（“主杀伤”、“凶死病须亡”）。强行求取反而招致灾祸，行动受阻，需防范火灾和攻击。
* **现代语境拓展**：
    * **高风险投资与赌博**：追求**暴利**可能导致**血本无归，甚至人身安全受到威胁**。如**高杠杆投资、地下金融活动**。
    * **创业与竞争**：在竞争激烈的行业中创业，可能面临**残酷的市场淘汰、资金链断裂、甚至被竞争对手恶意打击**。
    * **健康与治疗**：为了追求某种效果，可能采取**激进的治疗方案，反而导致更严重的健康问题甚至死亡**。
    * **自然灾害与生命**：在自然灾害（如地震、火灾）中求生，充满危险，可能付出巨大代价。
* **LLM训练要点**：聚焦“主杀伤”、“凶死病须亡”、“莫强取”中的**极端风险、死亡威胁、不可强求**。训练LLM识别**高风险高回报的警示、以生命为代价的追求、自然灾害应对**等文本。
"
白虎,休,"争执、疾病与求事不遂

* **传统象意**：“白虎休兮主争张，占病难安官讼长。谋事求官皆不遂，行兵防诈有虚惊。”
    * **核心内涵**：白虎的凶煞与休门的安逸、休息结合，预示着**难以平静的争执和矛盾**。疾病难以痊愈，官司旷日持久。所求之事、官职均不顺利。军事行动需防范诈术和虚假情报。
* **现代语境拓展**：
    * **法律纠纷与长期诉讼**：当事人陷入**旷日持久的法律纠纷**，身心俱疲，难以和解。
    * **健康管理与慢性病**：长期被**慢性疾病困扰**，治疗效果不佳，难以恢复健康。
    * **职业发展与晋升阻碍**：在职场中遇到**竞争激烈、派系斗争**，导致求职或晋升不顺利。
    * **信息安全与网络欺诈**：警惕**虚假的投资信息、网络钓鱼诈骗**，可能导致财产损失和精神恐慌。
* **LLM训练要点**：强调“主争张”、“病难安官讼长”、“求官皆不遂”、“防诈有虚惊”中的**冲突、拖延、不顺、欺诈**。训练LLM识别**长期诉讼、慢性病、职场内斗、网络诈骗**等文本。
"
白虎,开,"开门：暴力行动与困境中的援手

* **传统象意**：“白虎临开贵出兵，远行事凶出难逃。征战诛伐有人助，追捕掩捉不出营。”
    * **核心内涵**：白虎的刚猛与开门的事业、开创结合，预示着**采取强硬行动或军事出击**。远行或冒险事态凶险，难以逃脱。但在征战或追捕过程中，会有**贵人或强援相助**，但需注意在特定区域（营内）可能无法完全解决问题。
* **现代语境拓展**：
    * **法律强制执行与刑事侦查**：司法机关采取**强制执行、搜捕行动、甚至武装抓捕**，过程凶险但有外力支援。
    * **商业并购与市场清洗**：企业进行**大规模的业务重组、裁员，或对竞争对手进行强力打击**，虽然过程残酷，但有外部资本或政策支持。
    * **危机应对与救援**：在重大灾难或事故发生后，**救援行动艰难但有国家力量或国际援助**。
    * **反恐行动与安全保障**：反恐部门采取**高风险行动**，虽然危险重重，但有其他部门协同作战。
* **LLM训练要点**：聚焦“贵出兵”、“远行事凶”、“有人助”、“不出营”中的**强硬行动、危险性、外部援助、局部制约**。训练LLM识别**执法行动、军事部署、商业重组、危机救援**等文本。
"
玄武,杜,"隐秘的冲突与奇谋

* **传统象意**：“玄武临杜争斗起，恶人牵引酒迷失。兵出奇谋必全胜，贼人已远无消息。”
    * **核心内涵**：玄武的诡诈与杜门的隐蔽结合，预示着**暗中会有争斗或冲突**发生，且可能受恶人诱导或因沉溺于享乐而迷失。军事上，出奇制胜可获全胜，但一旦敌人远遁，便难以追捕。
* **现代语境拓展**：
    * **信息战与心理战**：指在网络空间中，**黑客或间谍利用隐蔽手段进行攻击**，或通过**信息诱导、虚假信息传播**来影响目标决策，达到不战而胜的效果。但一旦目标潜逃或证据被销毁，则难以追踪。
    * **商业竞争与策略**：企业在市场竞争中采取**秘密研发、突袭式营销或并购**等奇招，从而取得决定性优势。但也需警惕竞争对手的**不正当竞争或商业贿赂**。
    * **个人纠纷与欺骗**：暗示个人可能在**不为人知的场合（如酒局）被他人利用或陷害**，卷入纷争。
* **LLM训练要点**：强调“争斗起”、“恶人牵引酒迷失”中的**暗中冲突与诱惑**，以及“兵出奇谋必全胜”、“贼人已远无消息”中的**奇袭与难以追溯**。训练LLM识别**网络攻击、商业策略、心理诱导、信息失踪**等文本模式。
"
玄武,景,"财产损失与法律风险

* **传统象意**：“玄武景兮六畜亡，官司口舌防见伤。行兵征战无险阻，掩捕盗贼在东方。”
    * **核心内涵**：玄武的阴私与景门的火光、文书结合，预示着**财产损失**（如牲畜死亡）。可能引发**官司诉讼和口舌是非**，需防范言语伤害。军事行动顺利，但抓捕盗贼需向东方。
* **现代语境拓展**：
    * **金融诈骗与资产损失**：指因**虚假宣传、非法集资、投资骗局**等，导致受害者巨大财务损失。可能引发**集体诉讼**。
    * **媒体与舆论危机**：因**不实报道、诽谤言论**引发的**名誉权纠纷、侵权诉讼**。信息传播速度快，可能对个人或机构造成难以挽回的损失。
    * **网络安全与数据泄露**：因**恶意软件、网络钓鱼**导致的用户数据泄露，引发**集体诉讼和巨额罚款**。
* **LLM训练要点**：聚焦“六畜亡”、“官司口舌防见伤”中的**财产损失、法律风险、言语伤害**。训练LLM识别**金融犯罪、信息泄露、舆论战、法律诉讼**等文本。"
玄武,死,"墓地、财务耗损与决策困境

* **传统象意**：“玄武死兮井坟院，多耗财帛鬼神惊。行兵两难思进退，主吉客凶要分清。”
    * **核心内涵**：玄武的阴暗与死门的终结、固定结合，预示着与**墓地、水井或私密场所**相关的问题。可能导致**巨大财务耗损**，甚至引发精神层面的不安。行动上进退两难，需要明确主客关系才能判断吉凶。
* **现代语境拓展**：
    * **房地产与土地纠纷**：涉及**墓地迁徙、房屋风水、土地污染**等问题，导致财产损失和精神压力。
    * **商业并购与不良资产**：在并购中发现目标公司存在**巨额隐性债务、不良资产**，导致收购方陷入困境。
    * **心理健康与精神困扰**：当事人可能因**过去事件的阴影、财务压力**而陷入精神焦虑，难以做出决策。
    * **遗产继承与家族纷争**：可能涉及**非法的遗产争夺、秘密遗嘱**，引发家族内部的矛盾。
* **LLM训练要点**：强调“井坟院”、“多耗财帛”、“两难思进退”中的**特定地点（阴暗）、财务风险、决策困境**。训练LLM识别**不动产纠纷、不良资产、精神压力、复杂决策**等文本。
"
玄武,伤,"突然的威胁与危险埋伏

* **传统象意**：“玄武伤兮贼即至，求事难成官讼灾。行兵山中有埋伏，商贾之人报贼来。”
    * **核心内涵**：玄武的盗窃、诡诈与伤门的伤害、变动结合，预示着**盗贼即将到来或危险迫近**。所求之事难以成功，可能引发**官司诉讼**。军事行动中，山中可能藏有埋伏。商业人士会报告盗窃信息。
* **现代语境拓展**：
    * **供应链安全与商业间谍**：企业可能面临**供应链被渗透、商业机密被窃取**的风险。竞争对手可能暗中布下陷阱。
    * **刑事案件与人身安全**：预示**盗窃、抢劫、甚至绑架**等犯罪行为即将发生。需要对个人安全和财产安全保持高度警惕。
    * **投资诈骗与黑市交易**：指投资人可能被**虚假项目、非法交易**所诱惑，最终导致财产损失。
    * **反恐与安全预警**：情报显示恐怖分子可能在特定区域设下**伏击**，需要提前部署。
* **LLM训练要点**：聚焦“贼即至”、“山中有埋伏”、“求事难成官讼灾”中的**即时威胁、伏击、失败与法律风险**。训练LLM识别**安全预警、犯罪行为、商业威胁、情报分析**等文本。
"
玄武,惊,"骗局曝光与法律纠葛

* **传统象意**：“玄武惊兮贼上门，死亡官司总缠身。行兵有险休轻进，捕贼远遁不须寻。”
    * **核心内涵**：玄武的盗窃、阴私与惊门的口舌、惊恐结合，预示着**盗贼或欺骗行为被揭露**（“贼上门”），可能导致**死亡或官司缠身**。军事上不宜冒进，而盗贼一旦远遁便难以追寻。
* **现代语境拓展**：
    * **网络诈骗与身份盗用**：指**网络钓鱼、电信诈骗、身份盗用**等事件被曝光，受害者可能面临**法律纠纷、财产损失**。
    * **企业丑闻与法律责任**：公司内部的**贪污、舞弊、欺诈行为被揭露**，引发**刑事调查、巨额罚款**，甚至导致高管被捕。
    * **人际关系与名誉诽谤**：个人**隐私被泄露、声誉被恶意诋毁**，引发社会舆论和法律纠纷。
    * **虚假宣传与消费者维权**：商品或服务存在**虚假宣传**，被消费者曝光后，可能引发**集体诉讼**。
* **LLM训练要点**：强调“贼上门”、“死亡官司总缠身”、“远遁不须寻”中的**揭露、严重后果、难以追责**。训练LLM识别**丑闻曝光、法律诉讼、诈骗案、媒体危机**等文本。

"
玄武,生,"诡异的成功与争议

* **传统象意**：“玄武生兮论文状，鬼着人身争讼多。征战主吉客不利，掩捕东方则可获。”
    * **核心内涵**：玄武的阴私、变化与生门的生发、财富结合，预示着通过**非正当手段或隐秘操作获得的成功**。可能涉及**学术造假、冒名顶替**，或因利益驱动引发**争执与诉讼**。对主方有利，对客方不利。捕捉盗贼需向东方。
* **现代语境拓展**：
    * **知识产权侵权与学术不端**：指通过**抄袭、剽窃、虚假数据**等方式获得**学术成就、专利或荣誉**，最终引发法律纠纷和道德争议。
    * **商业不正当竞争**：企业通过**窃取商业机密、恶意诽谤、虚假宣传**等手段获得市场份额，可能面临诉讼。
    * **灰色产业与非法暴利**：通过**非法渠道、黑色产业链**获得巨额财富，但始终存在被揭露的风险。
* **LLM训练要点**：聚焦“论文状”、“鬼着人身争讼多”、“主吉客不利”中的**虚假成就、争议、不公平**。训练LLM识别**学术造假、商业舞弊、非法盈利、法律争议**等文本。"
玄武,休,"停滞与隐秘的失败

* **传统象意**：“玄武休兮守战休，鬼贼投井产妇厄。求谋难成不宜进，逃亡已远不可捉。”
    * **核心内涵**：玄武的阴暗与休门的安逸、休息结合，预示着**事态停滞，不宜行动**。可能存在**隐秘的灾祸**（如鬼魂作祟、孕妇生产困难）。所谋之事难以成功，逃犯已远，无法追捕。
* **现代语境拓展**：
    * **项目搁置与失败**：一个项目因**内部腐败、资金被挪用**等隐秘原因而被迫停滞或失败，且难以追究责任。
    * **财务黑洞与资金链断裂**：企业看似平静，实则存在**不为人知的财务漏洞或资金被暗中转移**，最终导致资金链断裂。
    * **人际关系中的背叛与绝望**：朋友或伴侣**暗中背叛**，当事人发现后，对方已消失，无法挽回。
    * **健康与隐秘疾病**：孕妇生产过程中出现**不明原因的困难或危险**，或存在其他难以诊断的健康问题。
* **LLM训练要点**：强调“守战休”、“求谋难成不宜进”、“逃亡已远不可捉”中的**停滞、失败、无法追查**。训练LLM识别**项目失败、财务危机、关系破裂、健康风险**等文本。"
玄武,开,"逃亡、官司与隐匿

* **传统象意**：“玄武临开主逃亡，官司纷争起田宅。行兵险阻宜坚守，盗贼藏匿在震方。”
    * **核心内涵**：玄武的盗窃、阴私与开门的事业、开创结合，预示着**有人逃亡，或因田宅（房地产）问题引发官司和纷争**。军事行动中，险阻重重，宜采取坚守策略，盗贼可能藏匿在东方。
* **现代语境拓展**：
    * **房产纠纷与资产转移**：涉及**房地产交易中的欺诈、产权纠纷、非法占地**，或因**债务问题导致的资产转移和逃亡**。
    * **商业竞争与市场逃离**：企业因**经营不善或涉嫌违法**而**破产逃离**，留下大量债务和法律纠纷。
    * **刑事犯罪与潜逃**：犯罪嫌疑人**畏罪潜逃**，引发**警方追捕和法律诉讼**。
    * **网络欺诈与跨境逃逸**：网络犯罪分子在**完成诈骗后，迅速将资金转移至境外**，给追捕带来巨大困难。
* **LLM训练要点**：聚焦“主逃亡”、“官司纷争起田宅”、“盗贼藏匿”中的**逃避、法律纠纷、隐藏**。训练LLM识别**资产转移、商业欺诈、刑事潜逃、房产纠纷**等文本。
"
九地,杜,"深藏的隐患与信息难以获取

* **传统象意**：“九地临杜小女忧，井灶钱财防散丢。占病难安终难断，远行求谋消息求。”
    * **核心内涵**：九地的深藏与杜门的隐蔽结合，预示着**深层次的隐患或秘密**。可能涉及**家庭（尤其是女性）的担忧，财产流失（井灶钱财）**。疾病难以确诊，或病情复杂。远行或求谋难以得到明确信息，事情发展迟缓。
* **现代语境拓展**：
    * **信息安全与数据隐私**：指**深层网络（Deep Web/Dark Web）中的秘密交易、数据隐藏**。可能涉及**长期未被发现的数据泄露、用户隐私被暗中窃取**，导致难以追查的损失。
    * **商业并购与尽职调查**：在收购或合作中，目标公司存在**隐蔽的财务漏洞、法律风险或未披露的债务**，难以在短期内发现。
    * **心理健康与潜意识问题**：当事人可能存在**长期压抑的心理问题、童年阴影**，难以诊断和治疗。
    * **资源勘探与隐藏资产**：地底下可能蕴藏着**宝贵资源或隐藏的财富**，但开采或发现过程艰难且信息不透明。
* **LLM训练要点**：强调“小女忧”、“井灶钱财防散丢”、“终难断”、“消息求”中的**深层隐忧、财产风险、难以确诊/获取信息**。训练LLM识别描述**长期隐藏问题、隐私泄露、财务暗亏、信息缺失**的文本模式。"
九地,景,"潜伏的冲突与舆论爆发

* **传统象意**：“九地会景门无奇，宜在舟中破顽敌。功成名就声大震，遇捕盗贼尚在巢。”
    * **核心内涵**：九地的深藏与景门的火光、文书结合，预示着**通过隐蔽或持久的努力取得成功**，并声名远播。虽然可能伴随表面无奇，但却能在关键时刻（如水上作战）制胜。同时，捕捉盗贼需深入其巢穴，暗示问题根源深藏。
* **现代语境拓展**：
    * **媒体传播与品牌塑造**：指通过**长期潜伏、深度挖掘**而形成的**具有震撼力的新闻报道、调查报告或艺术作品**，一旦发布则引起巨大反响。
    * **商业竞争与市场渗透**：企业通过**长期投入、秘密研发**，最终推出**颠覆性产品或技术**，一鸣惊人，占据市场主导地位。
    * **情报分析与反腐**：通过**长期卧底、深层调查**，最终揭露犯罪集团或腐败分子的真面目，将其一网打尽。
* **LLM训练要点**：聚焦“门无奇”、“声大震”、“尚在巢”中的**表面平静与深层爆发、声誉传播、问题根源**。训练LLM识别**深度报道、长期研发成功、情报行动、反腐案件**等文本。
"
九地,死,"稳定但固化的困境与寻求帮助

* **传统象意**：“九地死兮天晴朗，行兵险阴虎道挡。综有贤人来相助，弱不从心主有伤。”
    * **核心内涵**：九地的稳定与死门的终结、固定结合，预示着**一种长期且难以改变的困境或危机**。表面看似平静，但行动受阻，有强敌阻挡。虽有贵人相助，但因自身力量不足或内心犹豫而难以发挥作用，可能导致损伤。
* **现代语境拓展**：
    * **长期债务与财务困境**：企业或个人面临**长期且难以偿还的巨额债务**，资产被冻结或抵押，虽有外部援助，但自身能力有限，难以翻身。
    * **顽固性疾病与慢性病**：患者长期被**慢性病、绝症困扰**，治疗效果不佳，身心俱疲，即使有良医相助，也可能因自身体质或心理因素难以痊愈。
    * **社会问题与贫困**：某个群体或区域长期处于**贫困、落后状态**，即使有帮扶政策，也可能因根深蒂固的问题难以根本解决。
* **LLM训练要点**：强调“天晴朗”、“险阴虎道挡”、“弱不从心主有伤”中的**表象与实质的冲突、长期阻碍、自身局限**。训练LLM识别**长期困境、无效援助、慢性问题、固定模式**等文本。"
九地,伤,"深层矛盾与长期损耗

* **传统象意**：“九地临伤酒席宴，路途奔波行程连。牛羊须防多遭损，卯木克土妇难安。”
    * **核心内涵**：九地的深藏与伤门的伤害、变动结合，预示着**在看似和谐的社交或日常往来中，存在长期的损耗和矛盾**。出行奔波劳累，财产（牛羊）可能受损。可能涉及因家庭（女性）问题引发的长期不安。
* **现代语境拓展**：
    * **商业合作与隐性成本**：表面合作愉快，但**长期下来存在隐性成本、资源浪费或不平等的付出**，导致一方持续受损。
    * **家庭关系与精神内耗**：家庭成员间存在**长期未解决的矛盾、冷暴力或情感剥削**，导致成员（特别是女性）身心疲惫。
    * **供应链风险与隐性损耗**：在长期的供应链合作中，可能存在**品质下降、交货延误、或回扣等隐性问题**，导致企业持续蒙受损失。
    * **资源开发与环境破坏**：长期的大规模资源开发，可能导致**环境持续恶化、生态系统受损**。
* **LLM训练要点**：聚焦“酒席宴”、“路途奔波行程连”、“多遭损”、“妇难安”中的**表面和谐、长期奔波、持续损耗、内部不安**。训练LLM识别**隐性损失、长期矛盾、资源消耗、家庭内耗**等文本。"
九地,惊,"深层变化与信息混乱

* **传统象意**：“九地惊兮风云幻，主将变化几多端。客将生疑事见凶，贼人躲藏捕捉难。”
    * **核心内涵**：九地的深藏与惊门的口舌、惊恐结合，预示着**局势深层次的剧烈变化，充满不确定性**（“风云幻”、“几多端”）。领导层或主要人物态度反复，导致下属或合作方疑虑重重，引发凶险。隐藏的敌人难以捕捉。
* **现代语境拓展**：
    * **政治局势与权力斗争**：一个国家或组织内部的**深层权力斗争、政策摇摆**，导致社会动荡不安，民众对未来充满疑虑。
    * **商业并购与重组**：公司在进行**大规模并购或重组**时，高层决策反复，信息不透明，导致员工和市场感到不安，影响业务正常运作。
    * **信息战与舆论操控**：通过**深层渗透、长期布局**，在关键时刻散布大量**虚假信息或具有迷惑性的言论**，混淆视听，使目标难以辨别真相。
    * **复杂案件侦破**：犯罪分子深藏不露，其**作案手法多变且隐蔽**，给侦查带来巨大困难。
* **LLM训练要点**：强调“风云幻”、“主将变化几多端”、“客将生疑事见凶”、“贼人躲藏捕捉难”中的**深层变动、不确定性、怀疑、难以捕捉的威胁**。训练LLM识别**政治动荡、企业重组、信息迷雾、复杂犯罪**等文本。"
九地,生,"稳定发展与长远利益

* **传统象意**：“九地生兮见水灾，用兵进退莫轻裁。朝廷颂恩显荣耀，贤人助我捕盗贼。”
    * **核心内涵**：九地的深藏与生门的生发、财富结合，预示着**长期稳定的发展和潜在的财富增长**。虽然可能遭遇水灾等外部障碍，但只要谨慎决策，避免轻率行动，最终能得到**官方支持或贵人相助**，并成功解决问题。
* **现代语境拓展**：
    * **长期投资与资产增值**：指**对房地产、基础设施、或具有长期潜力的产业进行投资**，虽然初期可能有资金压力或外部风险（如自然灾害），但长期来看会带来丰厚回报。
    * **国家战略与区域发展**：国家推行**长期发展战略（如西部大开发、水利工程建设）**，可能遭遇自然条件挑战，但最终能显现成效，提升国家实力。
    * **人才培养与科技创新**：长期投入**基础研究、人才培养**，虽然见效慢，但最终能取得重大突破，获得国家荣誉和支持。
* **LLM训练要点**：聚焦“见水灾”、“莫轻裁”、“颂恩显荣耀”、“贤人助我”中的**外部挑战、谨慎决策、官方支持、长期利益**。训练LLM识别**长期战略、基础设施建设、科技投入、宏观经济政策**等文本。"
九地,休,"深层停滞与难以解决的问题

* **传统象意**：“九地休兮晴反雨，行兵地险山火名。西北方位见天使，捕捉不利勿轻敌。”
    * **核心内涵**：九地的深藏与休门的安逸、休息结合，预示着**表面平静实则暗藏问题，事态陷入停滞**。可能遭遇**自然灾害（如山火）、地形险恶**。即使有贵人出现，但因敌人强大或情况复杂，捕捉不利，不宜轻敌冒进。
* **现代语境拓展**：
    * **企业运营与市场瓶颈**：公司长期处于**业务停滞、市场份额难以增长**的瓶颈期，虽然表面看似平稳，但实际存在**深层结构性问题或市场环境的恶化**。
    * **地区发展与资源枯竭**：某个地区因**资源枯竭、环境恶化**而陷入长期停滞，即使有外部援助，也难以根本改变困境。
    * **人际关系与冷战**：朋友或家庭成员之间长期存在**隐形矛盾、冷战**，关系难以修复，陷入僵局。
    * **环境治理与生态修复**：某个区域的环境污染**长期难以治理**，即使投入巨大，也难以在短期内看到明显效果。
* **LLM训练要点**：强调“晴反雨”、“地险山火名”、“捕捉不利勿轻敌”中的**平静下的危机、困境、长期性、不宜冒进**。训练LLM识别**停滞期、长期困扰、隐形危机、结构性问题**等文本。"
九地,开,"稳健发展与保守策略

* **传统象意**：“九地开兮太阳红，用兵宜守不宜攻。君子行事须三思，众人同心百事成。”
    * **核心内涵**：九地的深藏与开门的事业、开创结合，预示着**事业有良好前景，但策略上宜采取保守、稳健的方针**。在做任何决策时都需深思熟虑，并强调**团队协作，众志成城**才能成功。
* **现代语境拓展**：
    * **长期战略规划与稳健投资**：企业在制定**长期发展战略、进行大型项目投资**时，应避免激进扩张，采取**稳扎稳打、步步为营**的策略。
    * **城市规划与基础设施建设**：政府在进行**城市规划、重大基础设施建设**时，需要充分论证，广泛听取民意，确保项目的长期稳定运行。
    * **组织管理与团队建设**：一个组织要取得长期成功，需要**注重内部凝聚力，鼓励团队协作**，而非个人英雄主义。
    * **品牌建设与市场维护**：品牌在取得成功后，应采取**保守的市场维护策略**，避免过度营销和风险投资，保持品牌稳定和美誉度。
* **LLM训练要点**：聚焦“太阳红”、“宜守不宜攻”、“须三思”、“众人同心百事成”中的**光明前景、保守策略、深思熟虑、团队协作**。训练LLM识别**长期规划、稳健发展、内部协调、风险规避**等文本。
"
九天,杜,"高层机遇与隐秘突破

* **传统象意**：“九天杜兮得天时，用兵登舟渡江吉。贼通术数难捕获，客占祥瑞百事遂。”
    * **核心内涵**：九天代表高远、时机，杜门代表隐蔽。此组合预示**获得天时地利，利于军事行动（如渡江、登船）取得成功**。然而，敌人可能精通奇术难以捕捉。对于寻求合作的客方而言，预示吉祥，万事顺利。
* **现代语境拓展**：
    * **战略机遇与市场拓展**：企业在高层决策或国家政策支持下，**抓住重要战略机遇期**，成功拓展新市场、进入新领域，虽然竞争对手可能手段高明难以模仿或遏制。
    * **科技研发与知识产权**：在**高精尖科技领域取得突破**，或研发出具有颠覆性的创新产品。可能涉及**核心技术的隐秘保护**，防止被竞争对手窃取。
    * **国际关系与外交策略**：在复杂国际局势中，**把握有利时机，通过高层斡旋或秘密谈判**，达成对己方有利的协议。
    * **个人发展与职业选择**：在高压或关键时期，**选择正确的方向，凭借自身能力或贵人相助，突破瓶颈**，取得职业上的巨大进展。
* **LLM训练要点**：强调“得天时”、“渡江吉”中的**时机把握、顺利突破**，以及“贼通术数难捕获”中的**高难度挑战或技术壁垒**。训练LLM识别描述**战略决策、技术突破、高层合作、隐秘机遇**的文本模式。
"
九天,景,"景门：宏大规划与方向选择

* **传统象意**：“九天景门主天时，行兵北阻南方利。主将功成褒封至。客将出师法之制。”
    * **核心内涵**：九天代表天时，景门代表信息、文书。此组合强调**把握宏观大势，并选择正确的方向**。军事上，北方受阻，南方有利。主方能功成名就，获得褒奖；客方则受制于规则和法律。
* **现代语境拓展**：
    * **企业战略与市场定位**：企业在制定**宏大发展战略**时，需明确市场方向，可能某些市场（如北方）存在壁垒，而另一些（如南方）则充满机遇。领导者能因此获得声誉，而跟随者则需遵守规则。
    * **国家政策与区域发展**：国家出台**宏观政策，引导区域经济发展**，某些地区获得政策倾斜，取得显著成就。
    * **品牌建设与公共关系**：通过**高规格的宣传、发布会**来提升品牌形象，获得社会认可。但信息的传播和使用需符合法律法规。
* **LLM训练要点**：聚焦“主天时”、“北阻南方利”、“功成褒封至”中的**宏观趋势、方向选择、高层认可**。训练LLM识别**战略规划、政策导向、区域发展、品牌宣传**等文本。"
九天,死,"死门：高层变革与潜在风险

* **传统象意**：“九天死兮阴晦风，诸事逢之又小吉。行兵亦主小破敌，忌害贤良易生疑。”
    * **核心内涵**：九天代表高远、变化，死门代表终结。此组合预示**高层或宏观层面将发生变革或变动**，虽然整体看似小吉，但过程可能伴随**阴暗、不确定因素**。军事上能小胜，但需警惕因伤害贤才而引发的猜忌和危机。
* **现代语境拓展**：
    * **组织架构调整与权力更迭**：企业或政府进行**高层人事调整、组织架构大变革**，可能带来短期阵痛或不确定性，但长期看可能有利。过程中需警惕**内部斗争、人才流失**。
    * **技术迭代与产业升级**：**颠覆性技术出现**，导致旧产业衰落，新产业崛起。这个过程充满不确定性，需要谨慎处理与现有利益相关者的关系。
    * **国际局势变动与地缘政治**：国际格局发生**重大变化**，可能引发局部冲突，但整体向好。需警惕因政治考量而牺牲无辜者。
* **LLM训练要点**：强调“阴晦风”、“小破敌”、“忌害贤良易生疑”中的**不确定性、局部胜利、道德风险**。训练LLM识别**高层变动、技术革命、地缘政治风险、道德困境**等文本。
"
九天,伤,"高歌猛进与意外突破

* **传统象意**：“九天伤兮天大睛，外亲相见吉事多。掩捕贼人东方觅，进退荣耀步云梯。”
    * **核心内涵**：九天代表高远、积极，伤门代表行动、突破。此组合预示**局势明朗，积极行动能带来好运**。可能与外部亲友的互动带来喜事。追捕敌人宜向东方。无论进退，都能获得荣耀，平步青云。
* **现代语境拓展**：
    * **市场扩张与业务突破**：企业**积极开拓新市场、推出新业务**，取得显著成效，获得行业认可。可能通过**跨界合作或海外市场**取得突破。
    * **科技创新与成果转化**：在**核心技术领域取得重大突破**，并能迅速将成果转化为实际应用，引领行业发展。
    * **职业发展与晋升**：个人在职业生涯中**抓住机遇，积极进取**，获得快速晋升，达到事业高峰。
    * **危机应对与转危为安**：在面对重大危机时，**果断采取行动，化险为夷**，反而因此获得声誉。
* **LLM训练要点**：聚焦“天大睛”、“吉事多”、“进退荣耀步云梯”中的**光明前景、积极成果、快速发展**。训练LLM识别**市场拓展、科技突破、职业晋升、危机反转**等文本。"
九天,惊,"高风险决策与寻求援助

* **传统象意**：“九天惊门多危难，不宜轻进得助吉。捕捉应在西山下，主将褒封客多谋。”
    * **核心内涵**：九天代表高远，惊门代表口舌、危难。此组合预示**宏观层面存在较多风险和挑战**，不宜贸然行动。若能获得外部帮助则吉利。捕捉敌人应在西方山下。主方领导会得到褒奖，客方则多谋略。
* **现代语境拓展**：
    * **高风险投资与国际并购**：在进行**高风险投资或跨境并购**时，可能面临**法律诉讼、政策变动、国际舆论压力**。需谨慎评估，寻求**专业机构或国际顾问**的帮助。
    * **政治外交与国际谈判**：在**复杂敏感的国际谈判**中，可能面临**言语陷阱、外交危机**。需要有高超的谋略和外部支持。
    * **科技研发与伦理挑战**：在**前沿科技研发**中，可能遭遇**技术瓶颈、伦理争议**，需要外部专家支持。
* **LLM训练要点**：强调“多危难”、“不宜轻进得助吉”、“主将褒封客多谋”中的**高风险、谨慎行动、外部支持、智慧策略**。训练LLM识别**高风险项目、国际谈判、复杂诉讼、专家咨询**等文本。
"
九天,生,"蓬勃发展与谨慎求谋

* **传统象意**：“九天生门多连雨，行兵险阻出可击。贼逃可捉西方位，求谋诸事莫轻心。”
    * **核心内涵**：九天代表高远、积极，生门代表生发、财富。此组合预示**事态蓬勃发展，但过程中可能伴随外部阻碍或不确定性**（“多连雨”、“险阻”）。军事行动虽有险阻但可主动出击。逃犯可向西方追捕。所有谋划都需**保持谨慎，不可大意**。
* **现代语境拓展**：
    * **市场创新与业务拓展**：企业在**创新领域或新市场取得突破**，业务量迅速增长，但可能面临**资金链压力、人才短缺或政策不确定性**。
    * **城市发展与基础设施建设**：城市经济快速发展，大量基建项目上马，但可能遭遇**自然灾害、资金缺口**等挑战。
    * **个人创业与风险投资**：创业项目前景广阔，但需要**谨慎管理资金、防范风险**，不可盲目乐观。
* **LLM训练要点**：聚焦“多连雨”、“险阻出可击”、“莫轻心”中的**发展中的挑战、主动应对、谨慎态度**。训练LLM识别**创新发展、创业风险、可持续增长、谨慎决策**等文本。"
九天,休,"高层休息与危机化解

* **传统象意**：“九天临休云雨散，出兵越境有忧难。功成上级来奖赏，贼逃人报定可捉。”
    * **核心内涵**：九天代表高远、积极，休门代表安逸、休息。此组合预示**高层或宏观层面的紧张气氛消散，局面转好**。出兵越境虽有困难，但最终能成功并获得上级奖赏。逃犯虽远，但有信息可循，终能捕捉归案。
* **现代语境拓展**：
    * **国际冲突降温与外交成果**：国际紧张局势缓和，通过**高层对话或外交斡旋**，取得和平进展。
    * **企业危机解除与战略调整**：公司成功化解重大危机，**高层压力得以释放**，并获得董事会或投资者的认可。
    * **政治改革与社会稳定**：某项改革措施初期可能引发争议，但最终成功实施，带来社会稳定和民生改善。
* **LLM训练要点**：强调“云雨散”、“功成上级来奖赏”、“定可捉”中的**危机解除、高层认可、问题解决**。训练LLM识别**国际和解、危机管理成功、政策落地、信息追溯**等文本。

"
九天,开,"高层战略与优势进攻

* **传统象意**：“九天开门比合星，用兵水火西北吉。夫妻双至立交通，主将火灾客避锋。”
    * **核心内涵**：九天代表高远、积极，开门代表事业、开创。此组合预示**宏观大势有利，事业发展顺畅**。军事上，适合在西北方向用兵，可利用水攻或火攻。婚姻关系和谐，易于建立沟通。主方（主动出击者）可能面临火灾或激烈竞争，客方（被动应对者）则应避免锋芒。
* **现代语境拓展**：
    * **市场领导与竞争策略**：行业领导者在**市场扩张或技术创新**中占据主导地位，可采取**激进的进攻策略**。可能涉及**市场竞争中的“价格战”或“技术战”**。
    * **国际合作与地缘战略**：国家间在**贸易、科技等领域展开高层合作**，或在特定区域（如西北）进行战略部署。可能面临**外部竞争或潜在冲突**。
    * **品牌建设与媒体营销**：通过**大规模、高声量的广告投放和公关活动**，迅速提升品牌知名度和市场占有率。
* **LLM训练要点**：聚焦“比合星”、“水火西北吉”、“夫妻双至立交通”、“主将火灾客避锋”中的**战略优势、进攻策略、协同合作、竞争应对**。训练LLM识别**市场领导、国际战略、高强度竞争、品牌推广**等文本。
"
