八门,十干,代表含义
开,甲,"开加甲：财名俱得
传统内涵：“财名俱得。” 甲为首，为领袖，为高贵，开门为吉门之首。此组合预示着财富和名誉都将获得，是极佳的吉象。

现代语境拓展：

事业与财富：预示着事业达到顶峰，不仅获得丰厚的物质回报，更能赢得行业声望和社会尊重。适合大胆创业、进行重大投资、争取高位。

个人成就：在学术、艺术、科技等领域取得突出成就，名利双收。

综合运势：个人综合运势极佳，无论是物质生活还是精神层面都能获得极大的满足。

LLM训练要点：识别“名利双收”、“事业巅峰”、“巨大成功”、“高位显赫”、“财源广进”、“声誉卓越”等积极象意。"
开,乙,"开加乙：小财可求
传统内涵：“小财可求。” 乙为柔顺，为草木，为小利，开门为开创。此组合预示着可以求得小额财富，虽然不是巨富，但有稳定的收入或小的进账。

现代语境拓展：

财务状况：预示着适合进行小额投资、兼职副业，或通过日常经营获得稳定但有限的利润。不适合进行大风险投资。

商业活动：适合开展小型生意、零售业务，或进行日常的商业交易。

生活支出：日常开支有保障，生活能维持在一个舒适的小康水平。

LLM训练要点：识别“小额收益”、“稳定收入”、“兼职获利”、“谨慎投资”、“积少成多”、“小富即安”等中性偏积极象意。"
开,丙,"开加丙：贵人印绶
传统内涵：“贵人印绶。” 丙为权威、为急躁，开门为开创、贵人。此组合预示着将遇到有权势的贵人相助，并获得重要的文件、批文或官方认可。

现代语境拓展：

职业发展：预示着在职场上获得重要领导的赏识和提拔，拿到关键的授权、任命书或资质证书。适合考公、考编、寻求晋升。

法律事务：在法律纠纷或重要合同签署中，获得权威人士的支持或官方机构的批复，使事情顺利解决。

学术科研：获得官方资助、科研项目批文，或在学术领域取得重要成果并得到认可。

LLM训练要点：识别“贵人相助”、“官方认可”、“重要批文”、“权力支持”、“晋升机会”、“法律顺利”等积极象意。"
开,丁,"开加丁：远信必至
传统内涵：“远信必至。” 丁为希望、为信息，开门为开创。此组合预示着远方的消息或信息一定会到来，且多为好消息。

现代语境拓展：

信息获取：预示着期待已久的海外合作消息、录取通知书、远方亲友的来信或重要通知，都将如期而至。

项目进展：跨区域或国际合作项目将收到积极反馈，取得实质性进展。

人际关系：与远方的朋友、亲人取得联系，收到他们的好消息。

LLM训练要点：识别“远方消息”、“信息到来”、“项目进展”、“积极反馈”、“通讯顺利”、“希望实现”等积极象意。"
开,己,"开加己：事绪不定
传统内涵：“事绪不定。” 己为私欲、为杂乱，开门为开创。此组合预示着虽然有开创之意，但事情发展会充满不确定性，头绪繁多，难以安定。

现代语境拓展：

事业发展：预示着新项目或创业初期，方向不明，任务繁杂，容易陷入混乱和反复调整，难以稳定。

决策困境：在做出重要决策时，受到多方因素干扰，犹豫不决，导致事情悬而未决。

人际关系：与人合作或交往中，对方态度暧昧，立场不稳，导致关系复杂化。

财务状况：投资或收入来源不稳定，忽高忽低，让人感到不确定。

LLM训练要点：识别“事务不确定”、“方向不明”、“反复调整”、“犹豫不决”、“混乱无序”、“进展缓慢”等中性偏负面象意。"
开,庚,"开加庚：道路词讼，谋为两歧
传统内涵：“道路词讼，谋为两歧。” 庚为阻碍、为冲突，开门为开创。此组合预示着在出行或行动中可能遭遇阻碍，甚至引发法律纠纷，而且所谋划的事情会面临两种选择，难以抉择。

现代语境拓展：

出行风险：预示着远行、出差或搬迁过程中可能遭遇交通堵塞、意外事故、或与人发生争执甚至法律纠纷。

法律纠纷：可能因合同、协议或言语不慎引发诉讼，事情复杂且难以快速解决。

决策困难：面临事业转型、投资方向等重大选择时，左右为难，难以确定最佳路径，容易陷入困境。

合作矛盾：与合作伙伴之间出现严重分歧，甚至对簿公堂。

LLM训练要点：识别“出行受阻”、“官司风险”、“决策两难”、“人际冲突”、“遭遇阻碍”、“难以抉择”等负面象意。"
开,辛,"开加辛：阴人道路
传统内涵：“阴人道路。” 辛为错误、为罪过，开门为开创。此组合预示着出行或行动中可能与女性（阴人）产生不好的纠葛，或者是在不光明、不道德的道路上行进。

现代语境拓展：

人际关系：预示着可能与女性朋友、同事或合作伙伴产生误解、争执甚至不道德的纠葛，导致名誉受损或感情破裂。

商业行为：在商业活动中可能涉及不透明、不合规的交易，或与他人进行暗箱操作，最终可能引火烧身。

个人道德：在个人行为上可能出现偏差，走上错误的道路，引发负面后果。

出行安全：在出行中可能会遇到由女性引发的麻烦或不法行为。

LLM训练要点：识别“女性纠葛”、“不正当行为”、“道德风险”、“声誉受损”、“暗箱操作”、“避免不良诱惑”等负面象意。"
开,壬,"开加壬：远行有失
传统内涵：“远行有失。” 壬为流动、为迷失，开门为开创。此组合预示着远距离的出行、出差或海外发展可能遭遇损失、迷失方向或不顺利。

现代语境拓展：

出行风险：预示着长途旅行可能遭遇行李丢失、迷路、航班延误或目的不达等问题。

海外发展：在国外投资、留学或工作可能遇到文化差异、政策不适、资金流失等困境，难以适应。

项目失控：远程管理的项目可能因沟通不畅、信息偏差而导致失控或出现重大损失。

人际关系：与远方亲友的联系可能出现问题，甚至失去联系。

LLM训练要点：识别“远行不利”、“财产损失”、“方向迷失”、“项目失控”、“海外困境”、“避免长途旅行”等负面象意。"
开,癸,"开加癸：失财小凶
传统内涵：“失财小凶。” 癸为隐藏、为困境，开门为开创。此组合预示着在开创事业或行动中可能遭遇小额财产损失，虽然不是大灾，但会带来不快。

现代语境拓展：

财务损失：预示着可能因小额投资失误、意外开支或被小额诈骗而导致财产损失，但金额不大，尚可承受。

商业运营：在业务开展过程中，可能因疏忽或管理不善而出现一些小额亏损或坏账。

个人消费：可能遭遇一些不必要的消费陷阱，导致小额损失。

其他：提醒人们在日常财务管理中要谨慎，避免因小失大。

LLM训练要点：识别“小额损失”、“意外开支”、“财务疏漏”、“小凶”、“谨慎消费”、“避免小失误”等负面象意。"
休,甲,"休加甲：财物和合
传统内涵：“财物和合。” 甲（遁藏于戊）为首，为领袖，为高贵，戊为钱财，休门为吉利、求财。此组合预示着财富汇聚，各项财务事宜和谐顺遂，是一个极其吉利的财运组合。

现代语境拓展：

财务状况：预示着资金流动顺畅，投资回报丰厚，资产增值，能够实现财富的稳健增长和积累。适合进行各种投资、合作，签署财务合同。

商业合作：在商业谈判和合作中，能够达成共识，实现共赢，签订有利的合作协议。

家庭财富：家庭财务管理得当，成员之间在金钱方面意见一致，和睦共处。

LLM训练要点：识别“财源广进”、“资金充裕”、“投资成功”、“合作共赢”、“财务和谐”、“财富积累”等积极象意。"
休,乙,"休加乙：求谋重，不得；求轻，可得
传统内涵：“求谋重，不得；求轻，可得。” 乙为柔顺，为小利，休门为吉利、安逸。此组合预示着如果追求过大的目标或利益，则难以实现；如果目标放低，追求小额或轻松的利益，则能够获得。

现代语境拓展：

目标设定：预示着在事业或财务规划中，设定实际可达的小目标更容易成功。不适合盲目追求高风险、高回报的项目。

投资策略：适合进行小额、稳健的投资，如储蓄、低风险理财产品，不宜进行激进型投资。

人际关系：在人际交往中，不宜提出过分要求；小事易成，大事难求。

LLM训练要点：识别“量力而行”、“小步快跑”、“稳健求财”、“避免贪婪”、“小有收获”、“不宜冒进”等中性偏保守象意。"
休,丙,"休加丙：文书和合喜庆
传统内涵：“文书和合喜庆。” 丙为权威、为急躁，休门为吉利、安逸。此组合预示着在处理文书、合同、证明等事宜时将非常顺利，并带来喜事。

现代语境拓展：

合同签署：预示着签署重要合同、协议、法律文件将非常顺利，内容对各方有利，并带来积极结果。

官方审批：向政府部门申请批文、执照、证书等，能够顺利通过，获得官方认可。

学术科研：发表论文、出版著作、申请专利等文书工作进展顺利，并带来荣誉和喜悦。

喜事临门：可能收到好消息、邀请函或结婚证书等带来喜庆的文书。

LLM训练要点：识别“文书顺利”、“合同有利”、“官方认可”、“喜事临门”、“审批通过”、“权威认证”等积极象意。"
休,丁,"休加丁：百讼休歇
传统内涵：“百讼休歇。” 丁为希望、为信息，休门为吉利、安逸。此组合预示着所有的法律纠纷、口舌争执都将得到平息和解决，迎来平静。

现代语境拓展：

法律纠纷：预示着长期缠绕的官司、诉讼将迎来和解、撤诉或胜诉，纠纷得以彻底解决。

人际矛盾：与亲友、同事之间的矛盾、误解将得到化解，关系恢复和谐，口舌是非停止。

内部纷争：企业内部或组织内部的争权夺利、意见分歧将告一段落，内部趋于稳定和团结。

心理状态：个人长期以来的担忧、烦恼将得到缓解，内心恢复平静和安宁。

LLM训练要点：识别“官司平息”、“纠纷解决”、“矛盾化解”、“言归于好”、“内心平静”、“百事顺遂”等积极象意。"
休,戊,"休加戊：财物和合
传统内涵：“财物和合。” 甲（遁藏于戊）为首，为领袖，为高贵，戊为钱财，休门为吉利、求财。此组合预示着财富汇聚，各项财务事宜和谐顺遂，是一个极其吉利的财运组合。

现代语境拓展：

财务状况：预示着资金流动顺畅，投资回报丰厚，资产增值，能够实现财富的稳健增长和积累。适合进行各种投资、合作，签署财务合同。

商业合作：在商业谈判和合作中，能够达成共识，实现共赢，签订有利的合作协议。

家庭财富：家庭财务管理得当，成员之间在金钱方面意见一致，和睦共处。

LLM训练要点：识别“财源广进”、“资金充裕”、“投资成功”、“合作共赢”、“财务和谐”、“财富积累”等积极象意。"
休,己,"休加己：暗昧不宁
传统内涵：“暗昧不宁。” 己为私欲、为杂乱，休门为吉利。此组合预示着虽然表面平静，但暗地里存在不确定、混乱或不道德的事情，导致内心不安。

现代语境拓展：

隐藏问题：预示着可能存在未被发现的财务漏洞、道德瑕疵、或隐瞒的秘密，这些暗藏的问题可能随时爆发，导致内心不安。

人际关系：与他人之间的关系可能不够坦诚，存在一些隐瞒或不为人知的因素，导致相互不信任。

健康隐患：身体可能存在一些潜在的、不易察觉的健康问题，虽然暂时无大碍，但令人担忧。

商业欺诈：在商业活动中，可能遭遇暗箱操作、不透明交易，或被他人利用，导致损失或陷入困境。

LLM训练要点：识别“暗藏危机”、“内心不安”、“秘密隐瞒”、“健康隐患”、“不透明交易”、“警惕小人”等负面象意。"
休,庚," 休加庚：文书词讼先结后解
传统内涵：“文书词讼先结后解。” 庚为阻碍、为冲突，休门为吉利、安逸。此组合预示着因文书或法律纠纷而开始的争议，初期会陷入僵局或被限制，但最终能够通过和平的方式解决，达成和解。

现代语境拓展：

法律纠纷：预示着开始的法律诉讼或合同纠纷会陷入一段时间的僵持，甚至被暂停，但最终能通过调解、谈判等方式达成谅解，解决问题。

项目审批：重要文件或项目审批初期可能被卡顿、受阻，但经过耐心等待和沟通，最终能够获得通过。

人际矛盾：与人沟通中可能出现误解或僵持，但通过后续的解释和时间，能够化解矛盾，恢复关系。

LLM训练要点：识别“先难后易”、“纠纷和解”、“文书解冻”、“耐心等待”、“僵局化解”、“最终解决”等转折和积极象意。"
休,辛,"休加辛：疾病退愈，失物不得
传统内涵：“疾病退愈，失物不得。” 辛为错误、为罪过，休门为吉利、安逸。此组合预示着疾病会逐渐好转康复，但丢失的财物或物品则难以找回。

现代语境拓展：

健康状况：预示着身体抱恙的人会逐渐恢复健康，病情趋于稳定并好转，迎来康复。

财产损失：不慎丢失的物品（如钥匙、手机）或被盗的财物（如小额现金）将很难找回，应放弃寻找。

投资失误：可能因判断失误导致小额投资亏损，这笔资金难以追回。

其他：强调要关注健康，但在财务方面，对于小额损失应及时止损，避免过度投入精力。

LLM训练要点：识别“疾病康复”、“失物难寻”、“损失小额”、“健康好转”、“及时止损”、“避免执着”等中性偏积极但有损失象意。"
休,壬,"休加壬：阴人词讼牵连
传统内涵：“阴人词讼牵连。” 壬、癸皆为阴性天干，壬为流动、为困境，癸为隐藏、为困境，休门为吉利。此组合预示着可能因女性（阴人）或一些暗中、不为人知的事情而卷入口舌是非或法律纠纷，并受到牵连。

现代语境拓展：

人际纠纷：预示着可能因与女性的感情纠葛、财务往来或秘密合作而引发争议，甚至卷入法律诉讼。

隐私问题：个人隐私或他人秘密被泄露，导致名誉受损或陷入麻烦，与女性相关的私事容易被曝光。

商业暗战：在商业竞争中，可能被卷入不正当手段、暗箱操作的纠纷，且与女性或隐秘信息有关。

其他：警示要谨慎处理与女性的复杂关系，避免参与任何不透明或违反道德的事务。

LLM训练要点：识别“女性纠葛”、“隐私泄露”、“官司牵连”、“暗箱操作”、“名誉受损”、“避免复杂关系”等负面象意。"
休,癸,"休加癸：阴人词讼牵连
传统内涵：“阴人词讼牵连。” 壬、癸皆为阴性天干，壬为流动、为困境，癸为隐藏、为困境，休门为吉利。此组合预示着可能因女性（阴人）或一些暗中、不为人知的事情而卷入口舌是非或法律纠纷，并受到牵连。

现代语境拓展：

人际纠纷：预示着可能因与女性的感情纠葛、财务往来或秘密合作而引发争议，甚至卷入法律诉讼。

隐私问题：个人隐私或他人秘密被泄露，导致名誉受损或陷入麻烦，与女性相关的私事容易被曝光。

商业暗战：在商业竞争中，可能被卷入不正当手段、暗箱操作的纠纷，且与女性或隐秘信息有关。

其他：警示要谨慎处理与女性的复杂关系，避免参与任何不透明或违反道德的事务。

LLM训练要点：识别“女性纠葛”、“隐私泄露”、“官司牵连”、“暗箱操作”、“名誉受损”、“避免复杂关系”等负面象意。"
生,甲,"生加甲：嫁娶、谒贵，求财皆吉
传统内涵：“嫁娶、谒贵，求财皆吉。” 甲（遁藏于戊）为首，为领袖，为高贵，戊为钱财，生门为生发、求财。此组合预示着在婚姻、求见贵人以及求财方面都将获得极大吉利，万事亨通。

现代语境拓展：

婚姻与感情：预示着适合结婚、订婚或确立重要关系，感情发展顺利，家庭和睦。

事业与财富：求财得财，投资获利，事业蒸蒸日上，容易遇到重要客户或领导的赏识，获得晋升和发展机会。

人际交往：适合拜访重要人物、寻求合作，容易得到贵人帮助。

LLM训练要点：识别“婚姻顺利”、“求财大吉”、“贵人相助”、“事业亨通”、“万事皆顺”、“吉星高照”等积极象意。"
生,乙,"生加乙：主阴人生产迟，吉
传统内涵：“主阴人生产迟，吉。” 乙为柔顺、为女性，生门为生发、生命。此组合预示着女性生产可能有所延迟，但最终结果是吉利的，母子平安。

现代语境拓展：

生育健康：预示着女性孕妇的预产期可能会推迟，但生产过程顺利，母婴健康，喜乐安康。

项目进展：新项目或计划的启动可能会有所延迟，但最终能顺利落地，并带来积极成果。

财富积累：财务收益或投资回报可能需要更长时间才能显现，但最终能获得预期利润。

LLM训练要点：识别“生产顺利”、“母子平安”、“项目延迟但成功”、“财务迟到但有利”、“耐心等待”等中性偏积极象意。"
生,丙,"生加丙：贵人、印绶、婚姻、书信等喜事
传统内涵：“贵人、印绶、婚姻、书信等喜事。” 丙为权威、为喜庆，生门为生发。此组合预示着将遇到有权势的贵人相助，并在重要文件、婚姻、信息传递等方面迎来多重喜事。

现代语境拓展：

职业发展：预示着获得重要领导的赏识和提拔，拿到关键的任命书或资质证书，事业迎来新的发展机遇。

婚姻喜事：感情顺利，有望步入婚姻殿堂，或收到喜庆的请柬、喜报。

文书顺利：处理政府批文、资质证书、重要合同等事宜将非常顺利，容易获得批准或通过。

LLM训练要点：识别“贵人相助”、“事业晋升”、“婚姻喜事”、“文书顺利”、“多重喜讯”、“权威认可”等积极象意。"
生,丁,"生加丁：词讼、婚姻、财利，出行大吉
传统内涵：“词讼、婚姻、财利，出行大吉。” 丁为希望、为信息，生门为生发。此组合预示着在法律诉讼、婚姻感情、求财以及出行方面都将获得大吉大利的结果。

现代语境拓展：

法律事务：预示着法律纠纷或诉讼能够顺利解决，获得有利判决或和解。

婚姻与感情：感情发展顺遂，适合谈婚论嫁或解决婚姻中的矛盾，迎来喜悦。

财富获取：财运旺盛，投资获利，商业交易顺利，收入增加。

出行安全：远行、出差或旅行都将非常顺利和愉快，达成目的。

LLM训练要点：识别“官司顺利”、“婚姻美满”、“财源广进”、“出行大吉”、“多福临门”、“万事顺遂”等积极象意。"
生,戊,"生加戊：嫁娶、谒贵，求财皆吉
传统内涵：“嫁娶、谒贵，求财皆吉。” 甲（遁藏于戊）为首，为领袖，为高贵，戊为钱财，生门为生发、求财。此组合预示着在婚姻、求见贵人以及求财方面都将获得极大吉利，万事亨通。

现代语境拓展：

婚姻与感情：预示着适合结婚、订婚或确立重要关系，感情发展顺利，家庭和睦。

事业与财富：求财得财，投资获利，事业蒸蒸日上，容易遇到重要客户或领导的赏识，获得晋升和发展机会。

人际交往：适合拜访重要人物、寻求合作，容易得到贵人帮助。

LLM训练要点：识别“婚姻顺利”、“求财大吉”、“贵人相助”、“事业亨通”、“万事皆顺”、“吉星高照”等积极象意。"
生,己,"生加己：得贵人维护支持，吉
传统内涵：“得贵人维护支持，吉。” 己为私欲、为杂乱，生门为生发。此组合预示着即使面临一些私事或不确定因素，但仍能获得贵人的维护和支持，最终趋于吉利。

现代语境拓展：

人际关系：预示着在遇到困难或被误解时，会有重要人物或有能力的朋友挺身而出，提供帮助和保护，化解危机。

事业发展：即使在项目初期面临一些混乱或挑战，但能获得关键领导或合作伙伴的强力支持，确保项目顺利进行。

法律事务：在纠纷或被质疑时，有权威人士出面维护自身权益，使不利局面得到控制。

LLM训练要点：识别“贵人维护”、“获得支持”、“化解危机”、“有惊无险”、“得到帮助”、“转危为安”等积极象意。"
生,庚,"生加庚：财产争讼、破耗遗失
传统内涵：“财产争讼、破耗遗失。” 庚为阻碍、为冲突，生门为生发。此组合预示着将因财产问题引发争执和诉讼，导致财物损失或遗失，整体不利。

现代语境拓展：

财务纠纷：预示着与他人（如合作伙伴、亲属）之间可能因金钱、遗产、不动产等问题引发激烈争执，甚至对簿公堂，最终导致财产损失。

投资风险：投资项目可能因市场波动、合作方问题或自身决策失误而导致资金亏损。

物品遗失：重要财物或文件可能被盗、丢失或损坏，造成直接的经济损失。

LLM训练要点：识别“财产争议”、“法律诉讼”、“资金亏损”、“财物遗失”、“合作伙伴冲突”、“不利财务”等负面象意。"
生,辛,"生加辛：主产妇疾病，后吉
传统内涵：“主产妇疾病，后吉。” 辛为错误、为罪过，生门为生发。此组合预示着产妇可能会出现一些疾病或健康问题，但最终能够康复，结果是吉利的。

现代语境拓展：

生育健康：预示着孕妇或产妇在孕期或产后可能遇到一些健康问题，如并发症、产后抑郁等，但通过及时治疗和调养，最终会恢复健康。

项目初期困难：新项目或新业务的启动可能会经历一些技术问题、人员磨合或资金周转上的“阵痛”，但最终能克服困难，步入正轨。

身体恢复：任何处于恢复期或初愈的病人，虽然会有反复或小波折，但最终都能彻底康复。

LLM训练要点：识别“产妇健康波折”、“最终康复”、“项目初期挑战”、“健康恢复”、“有惊无险”、“转危为安”等中性偏积极的转折象意。"
生,壬,"生加壬：遗失财物，后得，捕盗易获
传统内涵：“遗失财物，后得，捕盗易获。” 壬为流动、为迷失，生门为生发。此组合预示着可能会丢失财物，但最终能够找回；如果财物被盗，也容易追回。

现代语境拓展：

财产失而复得：预示着不慎丢失的手机、钱包、重要文件等，虽然一度以为失去，但通过努力寻找、警方协助或他人的帮助，最终能够找回。

投资回暖：之前亏损的投资项目，在经历一段时间后，市场回暖或政策利好，最终能够回本甚至盈利。

失踪人口：家中有人走失，虽然令人担忧，但通过多方寻找，最终能平安归来。

LLM训练要点：识别“失而复得”、“财物寻回”、“投资回升”、“失而复得”、“柳暗花明”、“有惊无险”等积极象意。"
生,癸,"生加癸：主婚姻难成，余事皆吉
传统内涵：“主婚姻难成，余事皆吉。” 癸为隐藏、为困境，生门为生发。此组合预示着在婚姻感情方面可能会遇到阻碍，难以成功，但其他方面（如事业、财运、健康等）则都是吉利的。

现代语境拓展：

感情挑战：预示着在寻求婚姻关系或确立长期伴侣方面，可能会遇到来自家庭、社会、或自身心理层面的阻碍，导致难以修成正果。

其他方面顺利：尽管感情受挫，但在职业发展、财务收入、个人健康、人际关系等其他方面，都将非常顺利和成功。

单身贵族：可能更适合专注于个人事业和发展，暂时不适合进入婚姻关系，但生活其他方面丰富多彩。

LLM训练要点：识别“婚姻受阻”、“感情不顺”、“事业顺利”、“财运亨通”、“健康良好”、“其他方面成功”等吉凶分化的象意。"
伤,甲,"伤加甲：失脱难获
传统内涵：“失脱难获。” 甲（遁藏于戊）为首、为钱财，伤门为损失、伤害。此组合预示着财物一旦丢失或被窃，将很难找回，损失几乎不可挽回。

现代语境拓展：

财务安全：预示着可能遭遇财产盗窃、诈骗，或因疏忽而导致重要财物丢失，且追回的可能性极低。适合加强财务安全措施，避免露富。

投资风险：高风险投资可能面临血本无归的局面，且难以止损或挽回损失。

商业损失：商业合作中，可能遭遇合同诈骗、坏账，或重要资产流失，难以追讨。

LLM训练要点：识别“财产丢失不可追回”、“投资失败”、“财务诈骗”、“重大损失”、“难以挽回”等负面象意。"
伤,乙,"伤加乙：求财不得，反盗耗失财
传统内涵：“求财不得，反盗耗失财。” 乙为柔顺，为小利，伤门为损失。此组合预示着不仅求财无望，反而可能因盗窃或额外开销而损失钱财。

现代语境拓展：

财务困境：预示着在寻求财富增长时，不仅无法实现目标，反而可能遭遇小偷、诈骗，或因意外开销而导致资金流失。

商业经营：小型创业或经营活动难以盈利，甚至可能因运营不善或外部因素而导致亏损。

消费陷阱：可能遭遇消费陷阱、虚假宣传，导致不必要的金钱损失。

LLM训练要点：识别“求财无果”、“意外破财”、“入不敷出”、“小额损失”、“警惕消费陷阱”、“不宜求财”等负面象意。"
伤,丙,"伤加丙：道路损失
传统内涵：“道路损失。” 丙为急躁、为火光，伤门为伤害、变动。此组合预示着在出行、旅行或交通过程中可能遭遇损失或意外。

现代语境拓展：

出行安全：预示着旅途中可能遭遇交通事故、行李丢失、财物被盗，或因交通延误而造成经济损失和计划泡汤。

物流运输：货物在运输途中可能发生损坏、丢失，或因不可抗力而导致延误和损失。

信息传播：信息在传递过程中可能被篡改、丢失，或引发误解和负面影响。

LLM训练要点：识别“出行不利”、“交通意外”、“物品损失”、“物流受损”、“信息偏差”、“避免远行”等负面象意。"
伤,丁,"伤加丁：印信不实
传统内涵：“印信不实。” 丁为希望、为信息，伤门为伤害。此组合预示着重要的文书、合同、印章可能存在虚假、伪造或不真实的情况，从而导致伤害和损失。

现代语境拓展：

法律文件：预示着签署的重要合同、法律文件可能存在漏洞、欺诈条款，或对方提供的印章、资质是伪造的，导致法律风险和经济损失。

信息真实性：获取的官方信息、内部文件可能是不准确的，基于这些信息做出的决策可能导致错误和损失。

身份认证：在进行身份验证、资质审查时，可能遇到虚假信息，导致被骗或陷入困境。

LLM训练要点：识别“文件虚假”、“合同欺诈”、“信息不实”、“资质伪造”、“法律风险”、“谨慎核查”等负面象意。"
伤,戊,"伤加戊：失脱难获
传统内涵：“失脱难获。” 甲（遁藏于戊）为首、为钱财，伤门为损失、伤害。此组合预示着财物一旦丢失或被窃，将很难找回，损失几乎不可挽回。

现代语境拓展：

财务安全：预示着可能遭遇财产盗窃、诈骗，或因疏忽而导致重要财物丢失，且追回的可能性极低。适合加强财务安全措施，避免露富。

投资风险：高风险投资可能面临血本无归的局面，且难以止损或挽回损失。

商业损失：商业合作中，可能遭遇合同诈骗、坏账，或重要资产流失，难以追讨。

LLM训练要点：识别“财产丢失不可追回”、“投资失败”、“财务诈骗”、“重大损失”、“难以挽回”等负面象意。"
伤,己,"伤加己：财散人病
传统内涵：“财散人病。” 己为私欲、为杂乱，伤门为伤害。此组合预示着财产会逐渐流失散尽，同时个人或家庭成员可能遭遇疾病，是身心和财物双重受损的凶象。

现代语境拓展：

财务与健康：预示着可能因投资失败、过度消费或意外开支导致资金耗尽，同时自身或亲属可能患上慢性病、疑难杂症，健康状况不佳，需要长期医疗支出。

家庭困境：家庭内部可能因财务问题和健康问题而产生矛盾，陷入困境。

事业下滑：事业进展不顺，收入减少，同时因身体不适而无法投入工作，形成恶性循环。

LLM训练要点：识别“破财生病”、“财物流失”、“健康恶化”、“身心俱疲”、“家庭困境”、“双重打击”等负面象意。"
伤,庚,"伤加庚：讼狱被刑杖
传统内涵：“讼狱被刑杖。” 庚为阻碍、为冲突，伤门为伤害。此组合预示着可能因法律诉讼而遭受严厉的惩罚，甚至被判刑或遭受人身伤害，是极度凶险的组合。

现代语境拓展：

法律制裁：预示着卷入的官司将以败诉告终，可能面临巨额罚款、牢狱之灾，或遭受其他形式的法律惩戒。

人身安全：可能因冲突、争执升级而导致身体伤害，甚至涉及刑事案件。

职业生涯：因违法行为或职业道德问题被曝光，导致职业生涯彻底终结，名誉扫地。

LLM训练要点：识别“牢狱之灾”、“刑事惩罚”、“人身伤害”、“职业毁灭”、“名誉扫地”、“极端凶险”等极端负面象意。"
伤,辛,"伤加辛：夫妻怀私怨怒
传统内涵：“夫妻怀私怨怒。” 辛为错误、为罪过，伤门为伤害。此组合预示着夫妻或情侣之间存在隐秘的怨恨和不满，可能因误会或过去的错误而导致关系破裂。

现代语境拓展：

感情危机：预示着伴侣之间存在长期积累的矛盾、误解或不忠行为，表面平静但内心暗流涌动，随时可能爆发，导致离婚或感情破裂。

人际矛盾：与亲近的朋友或合作伙伴之间存在心结，因私利或误会而产生隔阂，难以消除。

心理健康：长期处于关系不和谐的环境中，可能导致个人心理压力过大，产生怨恨和负面情绪。

LLM训练要点：识别“夫妻不和”、“感情破裂”、“人际隔阂”、“心怀怨恨”、“私下矛盾”、“心理压力”等负面象意。"
伤,壬,"伤加壬：囚盗牵连
传统内涵：“囚盗牵连。” 壬为流动、为迷失，伤门为伤害。此组合预示着可能因与囚犯、盗贼或不法分子有牵连，从而遭受损失或陷入麻烦。

现代语境拓展：

法律风险：预示着可能被卷入非法活动、诈骗案件，或因与犯罪分子有染而受到警方调查，甚至被拘禁。

财务损失：可能遭遇高智商犯罪（如网络诈骗、洗钱）或被迫参与非法交易，导致巨额财产损失。

名誉受损：因与不法分子有染或被误解为同伙，导致个人名誉严重受损，社会评价降低。

LLM训练要点：识别“法律牵连”、“非法活动”、“财产被骗”、“名誉受损”、“身陷囹圄”、“远离犯罪”等负面象意。"
伤,癸,"伤加癸：讼狱被冤，有理难伸
传统内涵：“讼狱被冤，有理难伸。” 癸为隐藏、为困境，伤门为伤害。此组合预示着即使自己有道理，但在法律诉讼或遭遇不公时，也难以辩解，可能被冤枉，最终遭受伤害。

现代语境拓展：

法律不公：预示着在法律纠纷中，尽管自己清白无辜，但可能因证据不足、被陷害或司法不公而蒙受冤屈，无法伸张正义。

职业背锅：在职场中，可能被他人陷害或推卸责任，被迫承担不属于自己的过失，有口难辩，影响职业发展。

舆论压力：因不实谣言或负面信息被攻击，即使澄清也难以被大众接受，背负不白之冤，名誉受损。

LLM训练要点：识别“含冤受屈”、“有理难辩”、“司法不公”、“职业背锅”、“舆论攻击”、“名誉受损”等负面象意。"
杜,甲,"杜加甲（戊）：主谋事不易成，密处求财可得
传统内涵：“主谋事不易成，密处求财可得。” 甲（遁藏于戊）为首、为钱财，杜门为堵塞、隐藏。此组合预示着公开谋划的事情难以成功，但如果通过隐秘或不为人知的方式求财，则有可能获得。

现代语境拓展：

事业发展：预示着公开进行的商业项目、合作谈判或职业晋升，可能会遇到重重阻碍，进展不顺。

财务获取：适合通过私下交易、内部信息、或不公开的投资渠道（如私募、风险投资）来获取财富，可能获得意外收益。

决策策略：在做重大决策时，不宜采取大张旗鼓的策略，更适合秘密进行，或通过非公开渠道寻求解决方案。

其他：提醒人们在面对公开阻碍时，可以尝试另辟蹊径，寻找隐蔽的突破口。

LLM训练要点：识别“谋事不顺”、“公开受阻”、“秘密求财”、“隐蔽机会”、“非公开渠道”、“另辟蹊径”等中性偏保守象意。"
杜,乙,"杜加乙：主暗求财物，后则不明至讼
传统内涵：“主暗求财物，后则不明至讼。” 乙为柔顺、为小利，杜门为隐藏。此组合预示着虽然能通过秘密渠道获取财物，但后续会因这些不明的财务来源而引发法律纠纷或官司。

现代语境拓展：

财务风险：预示着通过灰色地带、不合规渠道获得的金钱或利益，初期可能顺利，但后期容易因账目不清、合法性问题等引发税务稽查、合同纠纷，甚至法律诉讼。

商业秘密：利用他人商业秘密或不当手段获取商业利益，最终可能被揭露，导致商业官司和名誉受损。

人际关系：与他人进行秘密交易或私下往来，虽然短期得利，但最终可能因财务纠葛而引发争执和法律行动。

LLM训练要点：识别“暗财惹祸”、“不明收入”、“后续诉讼”、“法律风险”、“灰色地带”、“因小失大”等负面象意。"
杜,丙,"杜加丙：主文契遗失
传统内涵：“主文契遗失。” 丙为权威、为急躁，杜门为堵塞、隐藏。此组合预示着重要的文书、契约、合同等文件可能会丢失，导致麻烦。

现代语境拓展：

文件管理：预示着重要合同、房产证、身份证件、法律文件等可能因保管不善、意外或被盗而丢失，导致无法证明身份、权利受损或引发后续纠纷。

信息安全：关键的电子文档、数据备份可能损坏或丢失，影响工作进展或商业运营。

法律风险：因文件遗失而导致无法出示证据，在法律诉讼中处于不利地位。

LLM训练要点：识别“文书丢失”、“文件遗失”、“重要凭证缺失”、“数据损坏”、“法律风险”、“谨慎保管”等负面象意。"
杜,丁,"杜加丁：主阳人讼狱
传统内涵：“主阳人讼狱。” 丁为希望、为信息，杜门为堵塞、隐藏。此组合预示着男性（阳人）可能会卷入法律纠纷，甚至面临牢狱之灾。

现代语境拓展：

法律风险：预示着家中男性成员或与男性相关的事务，可能面临司法调查、诉讼，甚至被羁押或判刑。

职业困境：男性领导或员工可能因工作中的违规行为、泄密等问题，导致被起诉或面临法律责任。

人身自由：男性个人可能因某些隐秘的行为或卷入事件而失去人身自由。

LLM训练要点：识别“男性卷入诉讼”、“牢狱之灾”、“司法调查”、“职业危机”、“人身自由受限”、“风险警示”等负面象意。"
杜,戊,"杜加戊：主谋事不易成，密处求财可得
传统内涵：“主谋事不易成，密处求财可得。” 甲（遁藏于戊）为首、为钱财，杜门为堵塞、隐藏。此组合预示着公开谋划的事情难以成功，但如果通过隐秘或不为人知的方式求财，则有可能获得。

现代语境拓展：

事业发展：预示着公开进行的商业项目、合作谈判或职业晋升，可能会遇到重重阻碍，进展不顺。

财务获取：适合通过私下交易、内部信息、或不公开的投资渠道（如私募、风险投资）来获取财富，可能获得意外收益。

决策策略：在做重大决策时，不宜采取大张旗鼓的策略，更适合秘密进行，或通过非公开渠道寻求解决方案。

其他：提醒人们在面对公开阻碍时，可以尝试另辟蹊径，寻找隐蔽的突破口。

LLM训练要点：识别“谋事不顺”、“公开受阻”、“秘密求财”、“隐蔽机会”、“非公开渠道”、“另辟蹊径”等中性偏保守象意。"
杜,己,"杜加己：主私谋取、害人、招非
传统内涵：“主私谋取、害人、招非。” 己为私欲、为杂乱，杜门为隐藏。此组合预示着会私下进行不正当的谋划，意图损害他人利益，最终会引发是非和麻烦。

现代语境拓展：

道德风险：预示着个人或企业可能暗中进行商业诽谤、恶意竞争、或利用不正当手段获取利益，最终导致名誉受损、被曝光并引发法律纠纷。

人际冲突：与他人之间存在私下的算计、陷害，最终导致人际关系恶化，甚至引发严重的冲突。

法律后果：任何私下进行的违法或不道德行为，最终都将暴露并带来严重的法律制裁。

LLM训练要点：识别“私下谋害”、“不正当竞争”、“名誉受损”、“引发是非”、“道德沦丧”、“法律后果”等负面象意。"
杜,庚,"杜加庚：因女人词讼被刑
传统内涵：“因女人词讼被刑。” 庚为阻碍、为冲突，杜门为堵塞、隐藏。此组合预示着可能因女性相关的事宜（如感情纠纷、财产争议等）而引发法律诉讼，并遭受刑罚。

现代语境拓展：

感情纠纷：预示着因婚外情、财产分割、抚养权等与女性相关的纠纷，导致诉讼，并可能面临经济处罚或法律制裁。

人际冲突：与女性同事、合作伙伴之间的矛盾升级，引发法律行动，并可能影响个人职业生涯。

法律制裁：可能因与女性相关的案件（如性骚扰、家暴等）而被判刑或遭受其他形式的法律惩罚。

LLM训练要点：识别“女性引发诉讼”、“感情纠葛”、“财产争议”、“法律惩罚”、“刑罚风险”、“避免复杂关系”等负面象意。"
杜,辛,"杜加辛：主打伤人至词讼，阳人小口凶
传统内涵：“主打伤人至词讼，阳人小口凶。” 辛为错误、为罪过，杜门为堵塞、隐藏。此组合预示着可能因打架斗殴、冲突导致他人受伤，从而引发法律诉讼，且家中的男性晚辈（阳人小口）可能遭遇凶险。

现代语境拓展：

人身伤害：预示着因暴力冲突或意外伤害导致他人受伤，从而引发刑事或民事诉讼，面临赔偿和法律责任。

家庭健康：家中的男性儿童或年轻男性可能突发意外、重病或遭遇不测，带来家庭的巨大悲痛。

情绪管理：提醒人们在愤怒或激动时要控制情绪，避免肢体冲突，否则将导致严重后果。

LLM训练要点：识别“暴力冲突”、“法律诉讼”、“人身伤害”、“男性晚辈凶险”、“意外事件”、“情绪失控后果”等负面象意。"
杜,壬,"杜加壬：主奸盗事凶
传统内涵：“主奸盗事凶。” 壬为流动、为迷失，杜门为堵塞、隐藏。此组合预示着可能涉及不法、不正当的勾当，如奸情、盗窃等，结果凶险。

现代语境拓展：

违法犯罪：预示着可能参与或被卷入盗窃、诈骗、非法交易等犯罪活动，最终被揭露，面临法律制裁和巨额损失。

道德沦丧：可能涉及不正当的男女关系、出轨等行为，导致家庭破裂、名誉扫地。

商业秘密：可能从事窃取商业机密、不正当竞争等行为，一旦败露，将导致企业破产或个人锒铛入狱。

LLM训练要点：识别“违法犯罪”、“道德败坏”、“奸情外泄”、“盗窃行为”、“名誉扫地”、“极端凶险”等负面象意。"
杜,癸,"杜加癸：主百事皆阻，病者不食
传统内涵：“主百事皆阻，病者不食。” 癸为隐藏、为困境，杜门为堵塞。此组合预示着所有的事情都将遇到阻碍，停滞不前，而病人则病情严重，食欲不振，预后不佳。

现代语境拓展：

事业困境：预示着所有工作、项目或计划都将陷入僵局，进展缓慢，甚至被迫终止，难以突破。

健康状况：测病则预示病情严重，患者生命体征微弱，无法进食，预后极差，可能面临生命危险。

生活受阻：个人生活各个方面都可能遇到各种各样的障碍，感到寸步难行，心情压抑。

LLM训练要点：识别“百事不顺”、“全面受阻”、“事业停滞”、“病情严重”、“食欲不振”、“预后不佳”、“极端凶险”等负面象意。"
景,甲,"景加甲：因财产至讼，远行则吉
传统内涵：“因财产至讼，远行则吉。” 甲（遁藏于戊）为首、为钱财，景门为文书、口舌。此组合预示着可能因财产问题引发法律诉讼，但如果选择远行或向外发展，则会获得吉利。

现代语境拓展：

财务与法律：预示着可能因房产继承、投资纠纷、股权分配等财产问题，卷入法律诉讼。但如果能选择在异地发展、拓展海外市场或远程处理事务，则能避开不利，获得成功。

风险规避：当面临本地的财产纠纷时，通过“走出去”的方式，开拓新的机遇，从而化解危机。

决策策略：提示在面临困境时，不宜固守原地，而是要寻求外部或异地的机会。

LLM训练要点：识别“财产纠纷”、“法律诉讼”、“远行有利”、“异地发展”、“化解危机”、“拓展新机”等吉凶转化象意。"
景,乙,"景加乙：讼事不成
传统内涵：“讼事不成。” 乙为柔顺，景门为文书、口舌、官司。此组合预示着所涉及的法律诉讼或争执将无法顺利进行或达成结果，可能中途搁置或难以立案。

现代语境拓展：

法律诉讼：预示着提出的诉讼请求可能被驳回，或因证据不足、程序问题而无法立案，最终不了了之。

谈判僵局：在合同谈判或商业合作中，双方可能无法达成一致，陷入僵局，无法签署协议。

纠纷平息：另一方面，也可能指虽然有口舌是非，但因缺乏实质性证据或对方态度软化，最终未能演变为正式的法律行动。

LLM训练要点：识别“诉讼失败”、“无法立案”、“谈判破裂”、“不了了之”、“纠纷未能升级”等中性偏负面象意。"
景,丙,"景加丙：文书急迫、火速不利
传统内涵：“文书急迫、火速不利。” 丙为急躁、为火光，景门为文书。此组合预示着与文书、文件相关的事情进展迅速，但这种匆忙会导致不利后果。

现代语境拓展：

合同签署：预示着在未经充分审查的情况下，匆忙签署重要合同或法律文件，可能导致条款不利、隐含风险，最终造成损失。

信息发布：在未经验证的情况下，仓促发布重要信息或公告，可能引发误解、负面舆论或法律责任。

决策失误：在紧急情况下，基于不完整或错误的信息，仓促做出决策，导致不利结果。

LLM训练要点：识别“仓促行事”、“文书陷阱”、“信息失误”、“决策错误”、“急躁不利”、“先快后悔”等负面象意。"
景,丁,"景加丁：主因文书、印状招非
传统内涵：“主因文书、印状招非。” 丁为希望、为信息，景门为文书、口舌。此组合预示着会因文字、文件、印章等书面材料而引发是非、争执或法律纠纷。

现代语境拓展：

法律纠纷：预示着合同条款模糊、文件签字造假、印章使用不当，或因文件内容被误解，从而引发法律诉讼或争议。

名誉受损：因不实报道、诽谤信、网络言论等书面形式的信息传播，导致个人或企业名誉受损。

知识产权：在版权、专利、商标等知识产权方面，因文书不严谨或侵权行为而产生法律纠纷。

LLM训练要点：识别“文书惹祸”、“合同纠纷”、“信息争议”、“名誉受损”、“法律风险”、“谨慎用印”等负面象意。"
景,戊,"景加戊：因财产至讼，远行则吉
传统内涵：“因财产至讼，远行则吉。” 甲（遁藏于戊）为首、为钱财，景门为文书、口舌。此组合预示着可能因财产问题引发法律诉讼，但如果选择远行或向外发展，则会获得吉利。

现代语境拓展：

财务与法律：预示着可能因房产继承、投资纠纷、股权分配等财产问题，卷入法律诉讼。但如果能选择在异地发展、拓展海外市场或远程处理事务，则能避开不利，获得成功。

风险规避：当面临本地的财产纠纷时，通过“走出去”的方式，开拓新的机遇，从而化解危机。

决策策略：提示在面临困境时，不宜固守原地，而是要寻求外部或异地的机会。

LLM训练要点：识别“财产纠纷”、“法律诉讼”、“远行有利”、“异地发展”、“化解危机”、“拓展新机”等吉凶转化象意。"
景,己,"景加己：官司牵连
传统内涵：“官司牵连。” 己为私欲、为杂乱，景门为文书、口舌、官司。此组合预示着会因他人的官司或一些私下不明的事情而被牵扯进来，自身遭受影响。

现代语境拓展：

法律风险：预示着可能因亲友的债务纠纷、商业伙伴的违规行为或他人之间的法律诉讼，自身被牵连其中，成为被告或证人，耗费精力。

人际关系：卷入他人的是非、口舌或隐私纠纷，受到牵连，导致自身名誉受损或关系恶化。

商业陷阱：在商业合作中，可能因合作方的不法行为或遗留问题而受到波及，陷入法律泥潭。

LLM训练要点：识别“被牵连”、“官司缠身”、“人际纠纷”、“连带责任”、“名誉受损”、“远离是非”等负面象意。"
景,庚,"景加庚：讼人自讼
传统内涵：“讼人自讼。” 庚为阻碍、为冲突，景门为文书、官司。此组合预示着涉及诉讼的人会因为自身的原因（如证据不足、逻辑混乱、言行失当）而导致官司不利，自食其果。

现代语境拓展：

法律诉讼：预示着在法律纠纷中，当事人可能因言语冲动、提供虚假证据、或在法庭上表现不佳，反而使自身陷入不利境地，导致败诉。

谈判破裂：在商业谈判或合作中，因自身过于强势、缺乏诚意或信息错误，导致谈判破裂，错失机会。

自我毁灭：个人在处理问题时，因固执己见、言行不当，反而加剧矛盾，最终伤害自身利益。

LLM训练要点：识别“自作自受”、“言行不当”、“官司不利”、“谈判失败”、“自食恶果”、“咎由自取”等负面象意。"
景,辛,"景加辛：阴人词讼
传统内涵：“阴人词讼。” 辛为错误、为罪过，景门为文书、口舌。此组合预示着会因女性（阴人）引发法律诉讼或口舌纠纷。

现代语境拓展：

感情纠纷：预示着可能因感情破裂、离婚、财产分割、抚养权等与女性相关的纠纷，导致法律诉讼。

人际矛盾：与女性同事、合作伙伴之间出现言语冲突、诽谤或不实信息传播，引发名誉纠纷或法律行动。

家庭纷争：家庭内部因女性成员之间的矛盾，导致纠纷升级，甚至对簿公堂。

LLM训练要点：识别“女性引发诉讼”、“感情争议”、“名誉纠纷”、“人际冲突”、“避免与女性纠缠”等负面象意。"
景,壬,"景加壬：因贼牵连
传统内涵：“因贼牵连。” 壬为流动、为迷失，景门为文书、口舌。此组合预示着可能因与盗窃、不法行为或犯罪分子有牵连，而导致自身被卷入法律麻烦或遭受损失。

现代语境拓展：

法律风险：预示着可能因被他人栽赃、误解为同伙，或因自身不慎参与到非法活动中，导致被警方调查，甚至面临牢狱之灾。

财务损失：可能遭遇诈骗、盗窃，或被卷入洗钱等非法交易，导致巨额财产损失。

名誉受损：因与不法分子或不正当活动有牵连，导致个人或企业声誉严重受损。

LLM训练要点：识别“被牵连犯罪”、“法律调查”、“财产损失”、“名誉扫地”、“远离非法活动”、“警惕欺诈”等负面象意。"
景,癸,"景加癸：因奴婢受刑伤
传统内涵：“因奴婢受刑伤。” 癸为隐藏、为困境，景门为文书、口舌。此组合在古代指因仆人、下属或卑微之人而遭受刑罚或伤害。

现代语境拓展：

管理风险：预示着作为管理者或雇主，可能因下属或员工的违规行为、失误或不忠而承担连带责任，导致法律诉讼、经济损失或声誉受损。

替罪羊：可能被推出来承担他人的过失，成为替罪羊，遭受不白之冤。

人际陷阱：因与地位较低或背景复杂的人来往，被其拖累或利用，最终自己受到伤害。

LLM训练要点：识别“下属连累”、“替罪羊”、“管理失职”、“法律责任”、“人际陷阱”、“警惕小人”等负面象意。"
死,甲,"死加甲：主作伪财
传统内涵：“主作伪财。” 甲（遁藏于戊）为首、为钱财，死门为终止、凶险。此组合预示着会涉及虚假、不正当的财物，或是通过不法手段获取钱财，最终导致凶险的后果。

现代语境拓展：

财务欺诈：预示着可能卷入洗钱、假账、虚假投资等非法财务活动，初期可能得利，但最终将面临法律制裁和巨大损失。

商业诚信：企业或个人可能从事虚假宣传、产品造假，损害消费者利益，最终导致品牌信誉扫地，甚至破产。

资产虚化：资产存在水分，实际价值远低于账面，最终可能导致投资失败或破产。

LLM训练要点：识别“非法财务”、“虚假财富”、“欺诈行为”、“法律风险”、“信誉受损”、“最终破产”等负面象意。"
死,乙,"死加乙：求事不成
传统内涵：“求事不成。” 乙为柔顺，死门为终止、凶险。此组合预示着任何谋求的事情都将无法成功，最终以失败告终。

现代语境拓展：

事业发展：预示着申请工作、寻求合作、项目审批等都将遭遇失败或停滞，难以取得进展。

人际关系：试图挽回一段关系、修复友谊等，都将无果而终。

生活愿望：任何期望实现的目标或愿望都可能落空，无法如愿。

LLM训练要点：识别“求事失败”、“计划落空”、“无法成功”、“停滞不前”、“无功而返”等负面象意。"
死,丙,"死加丙：信息忧疑
传统内涵：“信息忧疑。” 丙为权威、为急躁，死门为终止、凶险。此组合预示着收到的信息或消息会带来极大的忧虑和疑虑，且信息本身可能带有负面或不确定性。

现代语境拓展：

信息风险：预示着可能收到关于财务危机、健康恶化、法律诉讼等负面信息，导致长时间的担忧和精神压力。

决策困境：基于不确定或充满疑虑的信息做出决策，很可能导致错误判断和不利后果。

谣言传播：警惕虚假信息或谣言，它们可能带来恐慌和不安，甚至引发社会动荡。

LLM训练要点：识别“信息负面”、“忧虑不安”、“疑虑重重”、“决策失误”、“谣言四起”、“精神压力”等负面象意。"
死,丁,"死加丁：老阳人疾病
传统内涵：“老阳人疾病。” 丁为希望、为信息，死门为终止、凶险。此组合预示着年长的男性（老阳人）可能罹患重病，预后不佳，甚至有生命危险。

现代语境拓展：

健康状况：预示着家中男性长辈或自身（若为年长男性）可能面临严重的健康危机，如突发疾病、慢性病恶化，需要密切关注和及时就医。

家庭负担：可能因长辈的重病而带来沉重的家庭医疗负担和精神压力。

生命警示：提醒人们关注老年人的健康问题，及时进行体检和治疗。

LLM训练要点：识别“老年疾病”、“生命危险”、“健康恶化”、“医疗负担”、“预后不佳”、“需要关注长辈”等负面象意。"
死,戊,"2.1. 死加戊：主作伪财
传统内涵：“主作伪财。” 甲（遁藏于戊）为首、为钱财，死门为终止、凶险。此组合预示着会涉及虚假、不正当的财物，或是通过不法手段获取钱财，最终导致凶险的后果。

现代语境拓展：

财务欺诈：预示着可能卷入洗钱、假账、虚假投资等非法财务活动，初期可能得利，但最终将面临法律制裁和巨大损失。

商业诚信：企业或个人可能从事虚假宣传、产品造假，损害消费者利益，最终导致品牌信誉扫地，甚至破产。

资产虚化：资产存在水分，实际价值远低于账面，最终可能导致投资失败或破产。

LLM训练要点：识别“非法财务”、“虚假财富”、“欺诈行为”、“法律风险”、“信誉受损”、“最终破产”等负面象意。"
死,己,"死加己：主病讼牵连凶
传统内涵：“主病讼牵连凶。” 己为私欲、为杂乱，死门为终止、凶险。此组合预示着可能因疾病问题而引发法律诉讼，或疾病与诉讼相互牵连，导致凶险结果。

现代语境拓展：

医疗纠纷：预示着因医疗事故、用药不当或诊断失误等引发的法律诉讼，导致医患矛盾激化，自身健康和法律权益都受到损害。

健康与法律：可能因某种疾病被质疑其合法性（如工伤认定）、或因健康状况影响法律程序的进行，导致案情复杂化，结果不利。

保险理赔：在申请医疗保险理赔时，可能遇到法律纠纷，导致理赔困难或失败。

LLM训练要点：识别“医疗纠纷”、“健康法律风险”、“诉讼缠身”、“双重困境”、“理赔困难”、“凶险缠绕”等负面象意。"
死,庚,"死加庚：主女人生产、子母并凶
传统内涵：“主女人生产、子母并凶。” 庚为阻碍、为冲突，死门为终止、凶险。此组合预示着女性在生育过程中可能遭遇极其凶险的情况，导致母子均不利或有生命危险。

现代语境拓展：

生育风险：预示着孕妇在怀孕或分娩过程中可能面临严重的并发症、难产或胎儿异常，母婴生命安全都受到威胁。

家庭悲剧：可能因生育问题而导致家庭面临巨大的悲痛和打击，甚至对家庭关系产生长期负面影响。

医疗挑战：对医疗团队来说，也是极具挑战性的局面，需要极高的专业水平和应对能力。

LLM训练要点：识别“生育凶险”、“母婴危险”、“难产”、“并发症”、“生命威胁”、“家庭悲剧”等极端负面象意。"
死,辛,"死加辛：主遭盗贼，失脱难获
传统内涵：“主遭盗贼，失脱难获。” 辛为错误、为罪过，死门为终止、凶险。此组合预示着会遭遇盗窃或财物丢失，且一旦失去，将很难找回，损失几乎不可挽回。

现代语境拓展：

财产损失：预示着可能遭遇入室盗窃、扒窃、诈骗或电子盗窃，导致财产的直接损失，且追回的可能性极低。

信息安全：重要数据、商业机密或个人隐私可能被窃取，且一旦泄露，难以弥补，可能导致严重后果。

投资失利：投资项目可能因被诈骗、卷款跑路或自身决策失误而血本无归，且无法追回。

LLM训练要点：识别“财产被盗”、“损失不可挽回”、“信息泄露”、“投资陷阱”、“被诈骗”、“难以追回”等负面象意。"
死,壬,"死加壬：主讼人自讼自招
传统内涵：“主讼人自讼自招。” 壬为流动、为迷失，死门为终止、凶险。此组合预示着在法律诉讼中，当事人可能因自身的错误言行、虚假证据或不当策略，反而导致对自己不利的局面，自食恶果。

现代语境拓展：

法律诉讼：预示着在法庭上，当事人可能因言语冲动、提供伪证、或试图隐瞒真相而适得其反，使自己从有利变为不利，最终导致败诉或更严重的惩罚。

人际冲突：在人际争执中，可能因固执己见、攻击性言语或不当行为，激化矛盾，最终伤害自身利益。

舆论反噬：在公共事件中，试图通过发布不实信息或攻击他人来洗白自己，反而引发舆论反噬，名誉扫地。

LLM训练要点：识别“自作自受”、“言行失当”、“官司不利”、“弄巧成拙”、“舆论反噬”、“自毁前程”等负面象意。"
死,癸,"死加癸：主妇女嫁娶事凶
传统内涵：“主妇女嫁娶事凶。” 癸为隐藏、为困境，死门为终止、凶险。此组合预示着女性的婚姻或嫁娶事宜将遭遇凶险，难以成功或结果不吉。

现代语境拓展：

婚姻感情：预示着女性在婚恋关系中可能遭遇背叛、欺骗，或因各种阻碍导致婚姻破裂、无法顺利步入婚姻殿堂，甚至带来不幸。

家庭关系：家庭内部可能因女性成员的婚姻问题而产生巨大矛盾或不幸事件。

个人发展：女性在选择人生伴侣或重要合作时，可能因盲目或错误的判断而陷入困境，影响未来发展。

LLM训练要点：识别“婚姻不幸”、“感情破裂”、“婚姻受阻”、“婚恋欺骗”、“家庭不幸”、“女性不利”等负面象意。"
惊,乙,"惊加乙：主谋财不得
传统内涵：“主谋财不得。” 乙为柔顺，惊门为惊恐、口舌。此组合预示着在谋求钱财方面会遭遇阻碍，无法成功，甚至可能因此产生不愉快或争执。

现代语境拓展：

财务困境：预示着投资或创业计划难以获得预期回报，甚至可能亏损。寻求借款、融资或追讨欠款也可能处处碰壁，劳而无功。

商业谈判：在商业合同谈判中，可能因条款争议或条件不符而最终无法达成协议，错失商业机会。

求职不利：求职过程中屡次碰壁，无法找到满意的工作或薪资待遇不理想。

LLM训练要点：识别“求财失败”、“投资不利”、“商业受阻”、“劳而无功”、“谈判破裂”等负面象意。"
惊,丙," 惊加丙：主文书印信惊恐
传统内涵：“主文书印信惊恐。” 丙为权威、为急躁，惊门为惊恐。此组合预示着与文书、印章、法律文件等相关的事情会引发惊恐和不安，可能涉及虚假或风险。

现代语境拓展：

法律风险：预示着收到的官方文件、法院传票或重要合同可能存在欺诈、陷阱或对自己不利的条款，导致内心不安和法律风险。

信息泄露：重要文件、个人信息或公司机密可能被泄露、伪造或篡改，引发恐慌和潜在损失。

名誉受损：与自己相关的书面材料（如报道、声明）可能出现负面信息，引发名誉危机。

LLM训练要点：识别“文书陷阱”、“信息欺诈”、“法律风险”、“名誉危机”、“虚假文件”、“内心不安”等负面象意。"
惊,丁,"惊加丁：词讼牵连
传统内涵：“词讼牵连。” 丁为希望、为信息，惊门为惊恐、官司。此组合预示着可能会被卷入他人的法律纠纷或诉讼中，自身受到牵连。

现代语境拓展：

法律风险：预示着可能因亲友的债务纠纷、商业伙伴的违规行为，或作为证人被传唤等，被卷入法律诉讼，耗费精力、财力。

人际关系：卷入他人的是非、口舌或隐私纠纷，受到牵连，导致自身名誉受损或关系恶化。

公司责任：作为公司高管或员工，可能因公司内部的法律问题而受到牵连，承担连带责任。

LLM训练要点：识别“被牵连诉讼”、“法律麻烦”、“人际纠纷”、“连带责任”、“名誉受损”、“远离是非”等负面象意。"
惊,己,"惊加己：恶犬伤人成讼
传统内涵：“恶犬伤人成讼。” 己为私欲、为杂乱，惊门为惊恐、官司。此组合原指被凶恶的动物伤害而引发官司。

现代语境拓展：

人身安全：预示着可能遭遇意外伤害，或被宠物、动物袭击导致受伤，从而引发医疗纠纷或法律诉讼，需要承担赔偿责任。

人际冲突：在人际交往中，可能因对方言语尖刻、行为粗暴，导致口舌争执甚至肢体冲突，最终引发法律纠纷。

管理风险：作为管理者，可能因下属行为不当、管理疏忽而导致他人受伤或财产损失，引发法律责任。

LLM训练要点：识别“意外伤害”、“法律诉讼”、“医疗赔偿”、“人际冲突升级”、“管理失职”、“谨慎对待动物”等负面象意。"
惊,庚,"惊加庚：道路损伤、遇盗贼，凶
传统内涵：“道路损伤、遇盗贼，凶。” 庚为阻碍、为冲突，惊门为惊恐。此组合预示着在出行、旅行或交通中可能遭遇意外伤害、抢劫或盗窃，结果凶险。

现代语境拓展：

出行安全：预示着旅途中可能遭遇交通事故、抢劫、被盗，或因极端天气、自然灾害等导致人身或财产损失，甚至威胁生命安全。

物流运输：货物在运输途中可能被盗、被抢或发生重大事故，导致巨额损失。

人身安全：警示在陌生环境或夜间出行时，要特别注意人身和财产安全，防范不法分子。

LLM训练要点：识别“出行凶险”、“交通意外”、“抢劫盗窃”、“人身安全受威胁”、“巨额损失”、“避免夜间外出”等负面象意。"
惊,辛,"惊加辛：因女人成讼，凶
传统内涵：“因女人成讼，凶。” 辛为错误、为罪过，惊门为惊恐、官司。此组合预示着可能因与女性相关的事宜（如感情纠纷、财产争议等）而引发法律诉讼，且结果凶险。

现代语境拓展：

感情纠纷：预示着因婚外情、离婚财产分割、抚养权等与女性相关的纠纷，导致激烈的法律诉讼，甚至影响个人名誉和财产。

人际冲突：与女性同事、合作伙伴或亲属之间产生严重的言语冲突、诽谤或商业纠纷，最终演变为法律行动。

声誉风险：可能因与女性相关的不当行为被曝光，引发社会舆论谴责，导致名誉扫地。

LLM训练要点：识别“女性引发诉讼”、“感情争议升级”、“财产纠纷”、“名誉受损”、“法律风险高”、“避免复杂关系”等负面象意。"
惊,壬,"惊加壬：官司囚禁、病者大凶
传统内涵：“官司囚禁、病者大凶。” 壬为流动、为迷失，惊门为惊恐、官司。此组合预示着可能因官司而面临牢狱之灾或被拘禁，而对于病人来说，则预示病情极其凶险，可能危及生命。

现代语境拓展：

法律制裁：预示着卷入的法律诉讼将以败诉告终，可能面临刑事处罚、被捕入狱，或被限制人身自由。

健康状况：测病则预示病情危重，可能进入ICU或面临生命垂危的状况，预后极差。

人身自由：因某种过错或被诬陷而失去自由，长期被关押或限制行动。

LLM训练要点：识别“牢狱之灾”、“人身受限”、“病情危重”、“生命危险”、“司法严惩”、“极端凶险”等极端负面象意。"
惊,癸,"惊加癸：主被贼盗，失物不获
传统内涵：“主被贼盗，失物不获。” 癸为隐藏、为困境，惊门为惊恐。此组合预示着会遭遇盗窃或财物丢失，且一旦失去，将很难找回，损失几乎不可挽回。

现代语境拓展：

财产损失：预示着可能遭遇入室盗窃、扒窃、诈骗或电子盗窃，导致财产的直接损失，且追回的可能性极低，需要立即报警但希望渺茫。

信息安全：重要数据、商业机密或个人隐私可能被窃取，且一旦泄露，难以弥补，可能导致严重后果。

投资失利：投资项目可能因被诈骗、卷款跑路或自身决策失误而血本无归，且无法追回。

LLM训练要点：识别“财产被盗”、“损失不可挽回”、“信息泄露”、“投资陷阱”、“被诈骗”、“难以追回”等负面象意。"
